Loan_ID,Customer_ID,Age,Employment_Type,Monthly_Income,Location,Credit_Score,Loan_Type,Loan_Amount,Interest_Rate,Tenure_Months,Monthly_Repayment,Amount_Repaid,Outstanding_Amount,Loan_Status,Days_Past_Due
LOAN000001,CUST00001,61,Salaried,1390975,Kano,633,Personal,1605144,10.5,12,147807.01,1443047.32,162096.67999999993,Active,0
LOAN000002,CUST00002,53,Salaried,1288352,Abuja,832,Emergency,112489,6.87,12,10018.08,106224.1,6264.899999999994,Active,0
LOAN000003,CUST00003,62,Salaried,512297,Ibadan,621,Education,633408,21.19,6,127937.86,430561.61,202846.39,Delinquent,41
LOAN000004,CUST00004,42,Salaried,632738,Lagos,742,Education,1651163,11.73,6,307474.07,1981395.6,0.0,Closed,0
LOAN000005,CUST00005,23,Self-employed,771327,Kano,715,Education,1742670,5.87,24,76873.53,1061560.82,681109.1799999999,Active,30
LOAN000006,CUST00006,60,Self-employed,1368353,Abuja,594,Education,1857130,12.23,12,173688.08,1134659.43,722470.5700000001,Delinquent,33
LOAN000007,CUST00007,28,Self-employed,217335,Port Harcourt,420,Education,1867147,7.02,18,111012.26,1535893.99,331253.01,Active,20
LOAN000008,CUST00008,52,Self-employed,489368,Abuja,582,Business,1521823,23.73,6,313825.27,353861.36,1167961.6400000001,Active,10
LOAN000009,CUST00009,21,Salaried,1019429,Abuja,687,Personal,1990685,17.8,36,65139.64,888145.43,1102539.5699999998,Active,20
LOAN000010,CUST00010,31,Salaried,711552,Ibadan,480,Emergency,188807,9.22,36,5728.19,90172.86,98634.14,Delinquent,51
LOAN000011,CUST00011,52,Salaried,1398158,Port Harcourt,622,Emergency,605493,7.79,36,18129.47,720351.77,0.0,Closed,0
LOAN000012,CUST00012,21,Salaried,1273757,Lagos,479,Business,509948,24.95,12,53098.34,392791.76,117156.23999999999,Active,0
LOAN000013,CUST00013,51,Salaried,1365849,Port Harcourt,663,Personal,1477072,13.44,6,279265.08,866576.26,610495.74,Active,30
LOAN000014,CUST00014,25,Self-employed,1476657,Port Harcourt,695,Emergency,1479650,22.7,18,100862.81,598817.21,880832.79,Delinquent,52
LOAN000015,CUST00015,50,Salaried,381680,Lagos,614,Education,1564336,22.52,18,106479.14,891371.78,672964.22,Defaulted,112
LOAN000016,CUST00016,56,Salaried,1389974,Port Harcourt,850,Emergency,467146,8.06,12,42066.5,266034.05,201111.95,Active,0
LOAN000017,CUST00017,54,Salaried,90845,Lagos,523,Personal,811225,22.57,18,55239.92,605133.96,206091.04000000004,Active,10
LOAN000018,CUST00018,53,Self-employed,1069195,Abuja,503,Education,1645098,15.65,12,158546.32,1639773.6,5324.399999999907,Active,30
LOAN000019,CUST00019,30,Self-employed,1156612,Port Harcourt,414,Emergency,937384,24.29,36,32363.18,761773.62,175610.38,Delinquent,75
LOAN000020,CUST00020,22,Self-employed,1458629,Port Harcourt,673,Personal,968762,22.99,24,49645.02,340562.65,628199.35,Active,10
LOAN000021,CUST00021,32,Salaried,1283772,Lagos,670,Personal,1284048,9.4,6,234124.75,1247503.96,36544.04000000004,Delinquent,34
LOAN000022,CUST00022,64,Salaried,742958,Kano,613,Emergency,549131,10.57,24,25298.92,392796.43,156334.57,Active,10
LOAN000023,CUST00023,40,Self-employed,559602,Ibadan,563,Emergency,1743443,13.14,6,328755.24,534266.61,1209176.3900000001,Active,30
LOAN000024,CUST00024,24,Self-employed,1029421,Abuja,776,Business,163605,18.47,6,32303.81,100094.91,63510.09,Active,20
LOAN000025,CUST00025,46,Salaried,448896,Kano,438,Personal,343983,13.44,18,21678.57,293446.91,50536.090000000026,Active,0
LOAN000026,CUST00026,28,Self-employed,156091,Ibadan,603,Emergency,1183695,21.72,6,240132.26,1002856.22,180838.78000000003,Defaulted,120
LOAN000027,CUST00027,34,Salaried,1059481,Ibadan,723,Education,891042,23.05,12,91368.93,487331.72,403710.28,Active,30
LOAN000028,CUST00028,60,Self-employed,937110,Ibadan,761,Business,1581980,24.91,36,54890.31,1675791.19,0.0,Closed,0
LOAN000029,CUST00029,21,Salaried,448244,Lagos,612,Emergency,172648,16.58,36,5590.92,86019.23,86628.77,Active,20
LOAN000030,CUST00030,22,Unemployed,1104553,Kano,767,Personal,1163852,8.15,36,34964.05,988551.48,175300.52000000002,Active,10
LOAN000031,CUST00031,57,Self-employed,1466023,Lagos,627,Emergency,896778,7.4,36,26753.88,543669.63,353108.37,Active,0
LOAN000032,CUST00032,33,Salaried,1428611,Port Harcourt,506,Emergency,1146354,11.33,18,70901.99,479290.04,667063.96,Active,20
LOAN000033,CUST00033,22,Self-employed,324471,Kano,812,Business,679139,14.14,6,129194.88,674899.64,4239.359999999986,Active,0
LOAN000034,CUST00034,46,Salaried,1110917,Kano,770,Education,781924,22.62,12,79899.6,569551.07,212372.93000000005,Active,10
LOAN000035,CUST00035,60,Unemployed,1332781,Lagos,572,Business,1742611,18.08,6,342945.84,1496015.52,246595.47999999998,Active,20
LOAN000036,CUST00036,63,Salaried,604625,Port Harcourt,834,Business,274470,19.85,12,27412.69,235610.18,38859.82000000001,Active,10
LOAN000037,CUST00037,23,Self-employed,1491785,Ibadan,837,Education,603614,15.11,18,38601.12,446222.97,157391.03000000003,Defaulted,96
LOAN000038,CUST00038,53,Salaried,142456,Ibadan,748,Personal,1667154,7.62,18,99677.29,0.0,1667154.0,Active,30
LOAN000039,CUST00039,55,Salaried,284616,Kano,614,Business,1902008,18.82,12,188330.49,1476175.27,425832.73,Active,20
LOAN000040,CUST00040,61,Salaried,951328,Abuja,411,Personal,696464,12.29,6,130343.24,541520.42,154943.57999999996,Delinquent,44
LOAN000041,CUST00041,28,Self-employed,791717,Abuja,692,Emergency,1904164,22.49,36,64789.18,1302635.61,601528.3899999999,Delinquent,46
LOAN000042,CUST00042,60,Salaried,101980,Abuja,587,Education,1988790,11.64,24,92511.88,2373358.77,0.0,Closed,0
LOAN000043,CUST00043,30,Self-employed,383862,Ibadan,589,Education,276692,12.65,6,51948.92,140407.89,136284.11,Delinquent,45
LOAN000044,CUST00044,60,Self-employed,690031,Abuja,689,Emergency,1877296,9.55,6,342762.96,1923516.22,0.0,Closed,0
LOAN000045,CUST00045,61,Salaried,738415,Kano,711,Education,195585,24.34,18,13510.58,115604.81,79980.19,Active,30
LOAN000046,CUST00046,40,Salaried,107882,Port Harcourt,766,Emergency,597807,8.57,18,36057.73,465765.34,132041.65999999997,Active,30
LOAN000047,CUST00047,63,Unemployed,1321312,Ibadan,610,Personal,292526,12.7,36,9157.69,157783.86,134742.14,Active,0
LOAN000048,CUST00048,60,Unemployed,1140351,Port Harcourt,474,Education,1179215,18.74,12,116683.32,745697.31,433517.68999999994,Active,0
LOAN000049,CUST00049,38,Self-employed,1441224,Ibadan,681,Education,1559434,23.0,36,53280.66,1308109.51,251324.49,Active,30
LOAN000050,CUST00050,57,Salaried,1212687,Kano,621,Education,931739,18.3,24,45926.97,700233.57,231505.43000000005,Active,10
LOAN000051,CUST00051,47,Salaried,901601,Ibadan,599,Emergency,50851,11.08,12,4707.11,16546.34,34304.66,Active,20
LOAN000052,CUST00052,50,Salaried,1466893,Kano,553,Education,1042343,20.87,12,104990.0,674589.43,367753.56999999995,Active,20
LOAN000053,CUST00053,27,Self-employed,245847,Lagos,698,Personal,1625250,9.7,18,99049.96,1140298.62,484951.3799999999,Active,10
LOAN000054,CUST00054,47,Unemployed,563472,Ibadan,670,Business,1331934,21.99,6,270804.38,1598320.8,0.0,Closed,0
LOAN000055,CUST00055,24,Salaried,855261,Ibadan,641,Business,561672,7.95,6,101054.15,464651.65,97020.34999999998,Delinquent,86
LOAN000056,CUST00056,47,Self-employed,418861,Abuja,646,Emergency,1509432,15.36,6,290213.46,263197.6,1246234.4,Active,0
LOAN000057,CUST00057,53,Salaried,1450011,Ibadan,850,Business,1222151,16.91,24,59534.03,938696.37,283454.63,Active,30
LOAN000058,CUST00058,49,Salaried,1045464,Abuja,686,Education,1626590,9.94,18,99348.5,1126074.77,500515.23,Delinquent,64
LOAN000059,CUST00059,26,Salaried,972479,Abuja,509,Business,649215,9.69,18,39562.44,480150.63,169064.37,Active,0
LOAN000060,CUST00060,44,Self-employed,853283,Port Harcourt,740,Emergency,1531468,9.28,24,69732.84,1673659.97,0.0,Closed,0
LOAN000061,CUST00061,54,Salaried,921941,Ibadan,540,Emergency,1796699,13.4,36,56596.02,1773898.14,22800.860000000102,Defaulted,92
LOAN000062,CUST00062,52,Unemployed,62364,Kano,481,Business,676236,20.07,24,33831.52,791763.0,0.0,Closed,0
LOAN000063,CUST00063,64,Salaried,1073891,Abuja,850,Emergency,964014,14.71,24,46075.85,892732.04,71281.95999999996,Active,30
LOAN000064,CUST00064,23,Unemployed,317654,Ibadan,582,Business,1170138,5.54,24,51456.82,529884.24,640253.76,Active,0
LOAN000065,CUST00065,42,Salaried,1018251,Port Harcourt,589,Emergency,595587,12.58,12,55875.99,464495.57,131091.43,Active,20
LOAN000066,CUST00066,32,Self-employed,579051,Lagos,658,Personal,1036304,5.39,36,30337.8,295140.39,741163.61,Active,20
LOAN000067,CUST00067,48,Unemployed,115074,Lagos,706,Business,468089,21.78,36,15834.41,201890.95,266198.05,Active,10
LOAN000068,CUST00068,28,Self-employed,1025246,Port Harcourt,835,Personal,1658301,12.38,36,51766.63,786321.11,871979.89,Active,0
LOAN000069,CUST00069,22,Salaried,1263589,Kano,611,Business,704221,16.52,24,34189.93,362690.72,341530.28,Active,10
LOAN000070,CUST00070,54,Self-employed,263702,Lagos,502,Education,682464,22.01,36,23129.84,678406.86,4057.140000000014,Delinquent,81
LOAN000071,CUST00071,49,Salaried,1167247,Lagos,806,Emergency,827143,6.38,18,48884.15,676799.82,150343.18000000005,Active,30
LOAN000072,CUST00072,57,Self-employed,809563,Kano,672,Emergency,1787925,14.19,12,170135.96,478725.91,1309199.09,Active,20
LOAN000073,CUST00073,23,Salaried,1024910,Port Harcourt,743,Emergency,1583073,16.85,18,102767.82,1310728.78,272344.22,Delinquent,84
LOAN000074,CUST00074,38,Self-employed,561418,Abuja,491,Emergency,1245061,17.21,24,60805.67,471772.02,773288.98,Active,30
LOAN000075,CUST00075,53,Salaried,494847,Lagos,685,Business,591804,11.81,36,18380.45,536519.13,55284.869999999995,Delinquent,48
LOAN000076,CUST00076,46,Salaried,229543,Lagos,691,Personal,902341,14.77,12,86301.4,744564.74,157776.26,Active,30
LOAN000077,CUST00077,45,Salaried,667056,Kano,677,Education,1500782,9.87,36,45803.03,819415.84,681366.16,Active,20
LOAN000078,CUST00078,38,Self-employed,787800,Lagos,564,Business,618152,11.13,12,57246.03,517963.0,100189.0,Active,10
LOAN000079,CUST00079,51,Salaried,451690,Kano,706,Education,1065438,10.53,36,32711.91,1278525.6,0.0,Closed,0
LOAN000080,CUST00080,35,Self-employed,260818,Lagos,728,Personal,671273,9.55,12,61281.63,263547.79,407725.21,Active,10
LOAN000081,CUST00081,54,Salaried,1210477,Port Harcourt,744,Emergency,314827,17.76,24,15447.51,144063.42,170763.58,Active,0
LOAN000082,CUST00082,48,Salaried,1053936,Lagos,551,Personal,436638,24.31,18,30154.71,479244.56,0.0,Closed,0
LOAN000083,CUST00083,27,Salaried,890344,Abuja,699,Education,1260101,17.59,6,246958.79,1309261.12,0.0,Closed,0
LOAN000084,CUST00084,51,Unemployed,228637,Ibadan,850,Emergency,298410,16.16,24,14443.04,297400.79,1009.210000000021,Active,10
LOAN000085,CUST00085,57,Salaried,978453,Lagos,559,Business,1284226,24.8,18,89039.67,868629.36,415596.64,Active,0
LOAN000086,CUST00086,28,Salaried,1361800,Lagos,552,Emergency,1435018,6.62,12,127501.35,693322.73,741695.27,Active,0
LOAN000087,CUST00087,62,Self-employed,994774,Ibadan,690,Personal,1035477,10.83,12,95634.93,752656.64,282820.36,Active,20
LOAN000088,CUST00088,45,Salaried,1491550,Lagos,749,Business,604811,20.76,36,20288.05,503811.94,100999.06,Active,10
LOAN000089,CUST00089,56,Salaried,1408188,Kano,824,Education,607071,21.53,6,122962.23,457671.17,149399.83000000002,Active,20
LOAN000090,CUST00090,52,Salaried,970971,Ibadan,850,Emergency,1494262,11.08,24,69159.43,1002056.51,492205.49,Defaulted,154
LOAN000091,CUST00091,23,Salaried,218698,Abuja,547,Personal,1915254,13.64,18,120916.37,1795934.07,119319.92999999993,Active,0
LOAN000092,CUST00092,35,Self-employed,1459876,Abuja,707,Emergency,1258477,5.8,12,110955.72,539549.68,718927.32,Active,30
LOAN000093,CUST00093,28,Self-employed,1381240,Port Harcourt,735,Emergency,241349,14.4,24,11504.3,164831.99,76517.01000000001,Active,0
LOAN000094,CUST00094,38,Salaried,1089073,Port Harcourt,641,Education,889809,21.27,36,29974.2,793684.08,96124.92000000004,Active,0
LOAN000095,CUST00095,44,Unemployed,293105,Lagos,468,Business,897616,22.3,6,182964.06,445183.32,452432.68,Active,30
LOAN000096,CUST00096,35,Salaried,1137246,Kano,752,Business,1636376,14.97,24,78389.23,1008082.09,628293.91,Delinquent,44
LOAN000097,CUST00097,33,Salaried,654040,Abuja,500,Education,1514336,14.69,6,289465.33,1233014.96,281321.04000000004,Defaulted,167
LOAN000098,CUST00098,59,Salaried,1205193,Abuja,696,Emergency,905618,6.86,6,161290.57,726264.23,179353.77000000002,Active,0
LOAN000099,CUST00099,47,Salaried,662078,Kano,668,Business,623413,13.31,24,29432.89,302257.29,321155.71,Defaulted,121
LOAN000100,CUST00100,44,Salaried,854438,Port Harcourt,512,Education,1306985,15.16,12,125426.99,1003062.13,303922.87,Delinquent,48
LOAN000101,CUST00101,27,Salaried,55379,Ibadan,717,Emergency,676116,21.75,36,22865.87,579658.73,96457.27000000002,Defaulted,152
LOAN000102,CUST00102,38,Salaried,773777,Abuja,776,Business,1649859,15.87,24,79653.82,1773458.8,0.0,Closed,0
LOAN000103,CUST00103,63,Salaried,1249146,Ibadan,537,Emergency,1845189,20.51,6,370606.21,621273.64,1223915.3599999999,Active,30
LOAN000104,CUST00104,50,Self-employed,1441856,Kano,711,Education,1417382,24.62,24,73597.56,1282037.02,135344.97999999998,Defaulted,106
LOAN000105,CUST00105,44,Self-employed,260479,Abuja,850,Personal,973389,6.99,24,43392.87,880444.28,92944.71999999997,Active,10
LOAN000106,CUST00106,61,Self-employed,1034593,Kano,786,Emergency,605793,11.77,24,28212.28,558097.19,47695.810000000056,Active,20
LOAN000107,CUST00107,20,Self-employed,714086,Kano,728,Personal,1911093,20.19,36,63803.96,1980275.58,0.0,Closed,0
LOAN000108,CUST00108,24,Self-employed,542348,Lagos,741,Emergency,1981328,10.75,12,182860.06,1298600.47,682727.53,Delinquent,58
LOAN000109,CUST00109,40,Self-employed,398892,Port Harcourt,621,Emergency,1944617,5.58,18,114062.59,1007608.03,937008.97,Delinquent,49
LOAN000110,CUST00110,57,Salaried,355281,Ibadan,659,Business,914135,16.32,12,88610.15,552494.91,361640.08999999997,Active,0
LOAN000111,CUST00111,47,Unemployed,1093683,Port Harcourt,425,Personal,350139,9.64,18,21327.36,420166.8,0.0,Closed,0
LOAN000112,CUST00112,55,Unemployed,1025706,Port Harcourt,456,Emergency,1471053,15.93,6,284231.96,1406147.28,64905.71999999997,Active,20
LOAN000113,CUST00113,33,Salaried,1497692,Ibadan,780,Education,1822730,11.04,24,84331.64,1108986.19,713743.81,Delinquent,37
LOAN000114,CUST00114,56,Salaried,1255467,Ibadan,520,Education,1516494,10.9,24,70074.66,1166614.58,349879.4199999999,Active,0
LOAN000115,CUST00115,58,Self-employed,532593,Lagos,731,Personal,788870,9.38,12,71905.5,422368.01,366501.99,Active,10
LOAN000116,CUST00116,38,Self-employed,697879,Ibadan,675,Business,119970,16.59,12,11656.09,63690.87,56279.13,Active,20
LOAN000117,CUST00117,28,Salaried,471097,Port Harcourt,571,Emergency,1181220,22.53,18,80408.27,902064.11,279155.89,Active,20
LOAN000118,CUST00118,22,Self-employed,668956,Abuja,726,Business,760337,21.08,24,38359.0,912404.4,0.0,Closed,0
LOAN000119,CUST00119,18,Self-employed,1468353,Port Harcourt,672,Personal,883432,24.35,36,30515.21,125851.27,757580.73,Active,30
LOAN000120,CUST00120,24,Salaried,1003755,Abuja,752,Emergency,1620791,18.45,36,53328.53,893807.99,726983.01,Active,20
LOAN000121,CUST00121,58,Self-employed,102480,Ibadan,636,Education,1227356,11.56,36,38034.4,628705.47,598650.53,Active,0
LOAN000122,CUST00122,25,Salaried,1411553,Lagos,753,Business,343133,5.91,6,60568.69,309333.09,33799.909999999974,Active,30
LOAN000123,CUST00123,44,Salaried,1177316,Lagos,609,Emergency,1001359,12.42,36,31270.22,390440.97,610918.03,Active,10
LOAN000124,CUST00124,33,Salaried,1341116,Port Harcourt,571,Personal,636657,5.65,18,37368.23,386779.57,249877.43,Active,30
LOAN000125,CUST00125,21,Salaried,1487975,Ibadan,698,Education,1940994,24.56,18,134316.78,2329192.8,0.0,Closed,0
LOAN000126,CUST00126,21,Unemployed,448057,Port Harcourt,760,Business,1828454,21.48,6,370200.99,679700.01,1148753.99,Active,0
LOAN000127,CUST00127,31,Self-employed,314081,Kano,773,Business,480347,6.37,36,14192.92,576416.4,0.0,Closed,0
LOAN000128,CUST00128,26,Salaried,538633,Kano,591,Education,359443,20.77,36,12058.31,105744.18,253698.82,Active,10
LOAN000129,CUST00129,40,Salaried,415946,Abuja,565,Education,1867072,5.52,6,328355.73,2109928.3,0.0,Closed,0
LOAN000130,CUST00130,48,Salaried,83095,Ibadan,742,Education,159888,7.54,24,7164.31,141204.42,18683.579999999987,Active,0
LOAN000131,CUST00131,47,Salaried,1126338,Lagos,642,Personal,997924,15.08,36,31900.3,470941.15,526982.85,Active,20
LOAN000132,CUST00132,22,Self-employed,1054497,Lagos,527,Education,943960,18.72,24,46694.55,0.0,943960.0,Delinquent,59
LOAN000133,CUST00133,42,Salaried,1325692,Kano,500,Education,314642,10.5,36,9657.76,212140.94,102501.06,Active,20
LOAN000134,CUST00134,59,Salaried,1001510,Kano,478,Business,952193,6.98,6,169776.01,1142631.6,0.0,Closed,0
LOAN000135,CUST00135,38,Salaried,951922,Ibadan,665,Education,529185,13.28,24,24977.53,327029.27,202155.72999999998,Active,0
LOAN000136,CUST00136,22,Salaried,1444832,Lagos,477,Personal,370107,18.74,24,18311.04,437607.85,0.0,Closed,0
LOAN000137,CUST00137,53,Salaried,245517,Lagos,651,Education,1611516,19.78,12,160856.16,1770974.1,0.0,Closed,0
LOAN000138,CUST00138,21,Salaried,1455119,Port Harcourt,705,Education,791548,22.47,24,40392.03,360587.64,430960.36,Delinquent,77
LOAN000139,CUST00139,40,Salaried,787455,Kano,577,Education,1114121,9.25,24,50715.72,902123.73,211997.27000000002,Active,0
LOAN000140,CUST00140,57,Self-employed,290931,Kano,603,Personal,1253974,9.52,24,57223.01,966739.5,287234.5,Delinquent,80
LOAN000141,CUST00141,39,Unemployed,1327154,Port Harcourt,729,Personal,1789505,18.87,6,354530.77,1403070.71,386434.29000000004,Active,20
LOAN000142,CUST00142,27,Self-employed,430435,Lagos,501,Personal,1237661,18.15,6,243716.08,1485193.2,0.0,Closed,0
LOAN000143,CUST00143,41,Salaried,1162502,Port Harcourt,415,Education,930452,14.07,12,88447.22,1116542.4,0.0,Closed,0
LOAN000144,CUST00144,61,Salaried,1240329,Lagos,720,Education,1902502,6.05,12,168133.61,1340245.07,562256.9299999999,Delinquent,34
LOAN000145,CUST00145,40,Self-employed,979275,Ibadan,575,Personal,1068506,17.14,24,52152.0,891451.95,177054.05000000005,Active,0
LOAN000146,CUST00146,56,Self-employed,644010,Lagos,590,Personal,1293892,14.73,18,82471.24,889632.69,404259.31000000006,Active,30
LOAN000147,CUST00147,18,Salaried,478706,Ibadan,751,Emergency,492989,20.35,18,32961.79,282576.65,210412.34999999998,Active,0
LOAN000148,CUST00148,22,Salaried,418458,Ibadan,566,Personal,1166906,19.07,36,38595.42,1000160.55,166745.44999999995,Active,20
LOAN000149,CUST00149,54,Salaried,964818,Ibadan,686,Emergency,1981817,6.56,18,117323.57,2021215.45,0.0,Closed,0
LOAN000150,CUST00150,62,Salaried,1392474,Port Harcourt,725,Personal,291536,13.1,18,18318.18,289745.57,1790.429999999993,Active,30
LOAN000151,CUST00151,37,Self-employed,965850,Port Harcourt,582,Business,560271,13.71,24,26545.17,280864.69,279406.31,Active,30
LOAN000152,CUST00152,40,Self-employed,748495,Port Harcourt,723,Business,210179,15.21,6,40357.87,204753.88,5425.119999999995,Active,10
LOAN000153,CUST00153,29,Salaried,545491,Ibadan,664,Emergency,586804,8.95,36,17758.97,436423.46,150380.53999999998,Active,0
LOAN000154,CUST00154,59,Self-employed,1232238,Kano,579,Education,991422,18.62,36,32667.35,1123578.03,0.0,Closed,0
LOAN000155,CUST00155,55,Salaried,1365370,Lagos,625,Education,972249,6.37,24,43090.89,888761.21,83487.79000000004,Active,20
LOAN000156,CUST00156,22,Salaried,1113962,Lagos,781,Emergency,1018344,14.04,6,193553.25,697255.7,321088.30000000005,Active,20
LOAN000157,CUST00157,38,Salaried,1020376,Kano,747,Emergency,1710562,19.78,6,341485.19,1706499.25,4062.75,Active,10
LOAN000158,CUST00158,63,Salaried,1101443,Lagos,652,Business,179758,14.01,18,11385.67,205219.58,0.0,Closed,0
LOAN000159,CUST00159,41,Salaried,132086,Port Harcourt,612,Education,968045,24.82,36,33564.27,924082.1,43962.90000000002,Active,10
LOAN000160,CUST00160,39,Salaried,862471,Lagos,634,Education,759607,18.58,6,150123.66,643576.96,116030.04000000004,Delinquent,72
LOAN000161,CUST00161,23,Salaried,248193,Kano,721,Business,860683,10.68,36,26461.22,670557.08,190125.92000000004,Delinquent,52
LOAN000162,CUST00162,37,Salaried,783627,Kano,850,Emergency,1425846,18.97,24,70680.37,719387.49,706458.51,Active,0
LOAN000163,CUST00163,50,Self-employed,1399503,Port Harcourt,504,Personal,1755372,7.56,36,52446.61,786748.58,968623.42,Active,30
LOAN000164,CUST00164,30,Salaried,810422,Abuja,744,Business,499194,11.83,24,23260.36,547832.1,0.0,Closed,0
LOAN000165,CUST00165,65,Salaried,374943,Kano,725,Personal,1820894,20.76,36,61080.88,1706607.31,114286.68999999994,Delinquent,84
LOAN000166,CUST00166,29,Salaried,1438166,Kano,542,Business,1657063,17.36,36,54020.25,1236709.15,420353.8500000001,Active,10
LOAN000167,CUST00167,36,Salaried,967867,Ibadan,568,Business,813991,18.53,12,80401.96,629004.52,184986.47999999998,Defaulted,168
LOAN000168,CUST00168,41,Salaried,1169902,Kano,632,Emergency,1745807,20.69,12,175584.54,1820066.51,0.0,Closed,0
LOAN000169,CUST00169,30,Self-employed,1018213,Kano,611,Business,1681844,12.64,36,52623.03,844875.75,836968.25,Active,10
LOAN000170,CUST00170,25,Salaried,574294,Port Harcourt,582,Personal,1057871,22.48,36,35991.12,924451.71,133419.29000000004,Defaulted,156
LOAN000171,CUST00171,46,Salaried,386199,Port Harcourt,679,Personal,1948564,15.27,24,93587.91,980778.28,967785.72,Active,10
LOAN000172,CUST00172,32,Salaried,920101,Lagos,589,Education,1102785,12.48,24,51683.86,908132.39,194652.61,Defaulted,137
LOAN000173,CUST00173,48,Self-employed,257792,Abuja,677,Emergency,1413066,11.71,12,131544.67,860117.04,552948.96,Active,20
LOAN000174,CUST00174,53,Self-employed,990785,Kano,481,Emergency,1949720,6.58,18,115445.09,615282.3,1334437.7,Active,10
LOAN000175,CUST00175,22,Self-employed,283175,Lagos,624,Emergency,548367,11.02,6,101466.17,293083.92,255283.08000000002,Active,30
LOAN000176,CUST00176,45,Salaried,1301452,Lagos,827,Education,1375305,15.31,12,132155.35,1159756.57,215548.42999999993,Delinquent,49
LOAN000177,CUST00177,51,Salaried,554499,Port Harcourt,630,Personal,442825,18.29,6,87302.95,446056.69,0.0,Closed,0
LOAN000178,CUST00178,20,Salaried,1153226,Ibadan,529,Education,1699226,24.77,36,58892.34,1264725.65,434500.3500000001,Active,30
LOAN000179,CUST00179,55,Self-employed,581943,Port Harcourt,615,Business,798880,20.77,18,53600.41,594723.07,204156.93000000005,Active,0
LOAN000180,CUST00180,47,Salaried,142978,Ibadan,550,Business,759985,21.27,12,76802.82,643567.13,116417.87,Delinquent,74
LOAN000181,CUST00181,30,Salaried,332806,Lagos,833,Education,1677789,23.87,6,346379.54,1519747.91,158041.09000000008,Active,0
LOAN000182,CUST00182,36,Salaried,700276,Port Harcourt,698,Personal,1760030,15.86,18,113287.26,1262596.16,497433.8400000001,Active,10
LOAN000183,CUST00183,46,Salaried,1425168,Ibadan,601,Education,311043,20.99,24,15680.46,297681.59,13361.409999999974,Delinquent,78
LOAN000184,CUST00184,64,Salaried,441784,Ibadan,651,Personal,1093382,12.35,36,34122.63,893542.11,199839.89,Active,0
LOAN000185,CUST00185,38,Self-employed,953048,Port Harcourt,557,Education,1774574,8.61,18,107075.82,1382930.54,391643.45999999996,Active,0
LOAN000186,CUST00186,64,Self-employed,985153,Port Harcourt,709,Emergency,943630,8.33,24,42593.1,714661.06,228968.93999999994,Active,0
LOAN000187,CUST00187,60,Self-employed,625784,Ibadan,765,Education,1709849,23.96,6,353254.8,2026757.68,0.0,Closed,0
LOAN000188,CUST00188,27,Self-employed,1126019,Kano,557,Emergency,1474827,8.2,6,265960.47,1769792.4,0.0,Closed,0
LOAN000189,CUST00189,41,Salaried,122978,Ibadan,672,Personal,544918,20.57,18,36500.42,551291.47,0.0,Closed,0
LOAN000190,CUST00190,46,Salaried,1318975,Lagos,553,Business,993556,23.98,18,68433.93,1192267.2,0.0,Closed,0
LOAN000191,CUST00191,65,Salaried,1160357,Abuja,578,Emergency,709314,17.99,12,69743.3,353297.56,356016.44,Defaulted,93
LOAN000192,CUST00192,57,Salaried,1135790,Port Harcourt,586,Emergency,1227913,7.36,18,73238.19,138547.0,1089366.0,Delinquent,44
LOAN000193,CUST00193,23,Salaried,469804,Port Harcourt,668,Education,1838506,6.48,12,163136.77,960178.51,878327.49,Delinquent,59
LOAN000194,CUST00194,58,Salaried,186187,Abuja,850,Education,658933,22.83,12,67447.28,561758.04,97174.95999999996,Delinquent,75
LOAN000195,CUST00195,49,Salaried,1116938,Lagos,580,Education,471486,20.84,12,47478.64,488047.96,0.0,Closed,0
LOAN000196,CUST00196,22,Salaried,1211867,Port Harcourt,709,Emergency,1030221,21.07,36,34646.9,494996.05,535224.95,Active,0
LOAN000197,CUST00197,59,Salaried,1053833,Lagos,850,Emergency,1663054,13.19,36,52289.19,588604.77,1074449.23,Active,20
LOAN000198,CUST00198,58,Self-employed,1026923,Kano,593,Business,772499,7.57,36,23082.7,852709.14,0.0,Closed,0
LOAN000199,CUST00199,28,Salaried,320601,Abuja,812,Education,1959902,22.36,6,399689.35,462653.76,1497248.24,Active,20
LOAN000200,CUST00200,26,Salaried,522845,Port Harcourt,798,Personal,1138207,22.9,6,233142.73,814544.23,323662.77,Active,20
LOAN000201,CUST00201,54,Self-employed,1103972,Lagos,578,Personal,1291112,23.83,12,133232.0,350758.59,940353.4099999999,Active,20
LOAN000202,CUST00202,57,Salaried,220336,Lagos,655,Emergency,1395225,20.42,18,93340.55,1048613.59,346611.4099999999,Active,30
LOAN000203,CUST00203,37,Salaried,1365258,Ibadan,724,Personal,1396177,24.13,24,72211.44,858621.43,537555.57,Active,30
LOAN000204,CUST00204,38,Salaried,1494127,Port Harcourt,632,Education,971919,13.31,24,45886.73,417647.08,554271.9199999999,Active,10
LOAN000205,CUST00205,25,Salaried,886169,Port Harcourt,711,Emergency,827079,15.3,6,158937.01,650157.45,176921.55000000005,Active,30
LOAN000206,CUST00206,33,Salaried,569923,Abuja,515,Education,156126,10.8,24,7207.82,150424.98,5701.0199999999895,Delinquent,57
LOAN000207,CUST00207,49,Self-employed,1261497,Port Harcourt,803,Emergency,448110,20.26,24,22454.05,129846.93,318263.07,Defaulted,149
LOAN000208,CUST00208,21,Salaried,98604,Lagos,560,Education,874688,15.11,12,83904.45,743217.32,131470.68000000005,Active,20
LOAN000209,CUST00209,36,Salaried,1087868,Kano,663,Personal,1817583,18.09,24,89432.66,2181099.6,0.0,Closed,0
LOAN000210,CUST00210,43,Salaried,275437,Port Harcourt,658,Personal,1900643,10.29,18,116456.62,2097909.13,0.0,Closed,0
LOAN000211,CUST00211,36,Salaried,890080,Lagos,850,Emergency,1228215,8.89,36,37150.09,1473858.0,0.0,Closed,0
LOAN000212,CUST00212,26,Salaried,1107500,Lagos,766,Emergency,1203133,10.59,36,36959.58,812488.66,390644.33999999997,Active,0
LOAN000213,CUST00213,56,Self-employed,832653,Kano,814,Emergency,761113,16.16,18,49117.16,718195.96,42917.04000000004,Delinquent,43
LOAN000214,CUST00214,47,Salaried,1098739,Abuja,732,Business,131608,7.74,18,7877.47,60608.51,70999.48999999999,Delinquent,64
LOAN000215,CUST00215,65,Unemployed,737794,Port Harcourt,438,Education,718005,8.25,36,21590.01,766489.97,0.0,Closed,0
LOAN000216,CUST00216,41,Self-employed,1113916,Port Harcourt,405,Personal,1166397,14.8,36,37195.1,460753.0,705644.0,Active,0
LOAN000217,CUST00217,59,Salaried,923548,Kano,736,Business,1720915,22.98,6,352730.21,1151598.37,569316.6299999999,Active,20
LOAN000218,CUST00218,42,Salaried,157699,Abuja,658,Business,407589,15.48,36,13074.55,489106.8,0.0,Closed,0
LOAN000219,CUST00219,46,Salaried,116208,Port Harcourt,484,Emergency,1519098,7.2,6,271412.18,1822917.6,0.0,Closed,0
LOAN000220,CUST00220,63,Salaried,367574,Abuja,643,Business,477591,13.21,36,15018.91,114137.21,363453.79,Defaulted,97
LOAN000221,CUST00221,47,Salaried,1226264,Kano,646,Education,1438790,14.57,24,68684.24,1244869.36,193920.6399999999,Active,10
LOAN000222,CUST00222,33,Salaried,1195617,Port Harcourt,639,Education,1668979,22.35,18,113444.21,216579.02,1452399.98,Active,10
LOAN000223,CUST00223,38,Unemployed,521580,Ibadan,730,Education,674142,20.42,12,67650.15,241787.2,432354.8,Active,30
LOAN000224,CUST00224,43,Unemployed,1225427,Port Harcourt,537,Business,1718085,19.43,18,113994.94,1477517.83,240567.16999999993,Active,30
LOAN000225,CUST00225,31,Salaried,659123,Abuja,522,Education,1547662,6.58,24,68729.09,922158.81,625503.19,Active,30
LOAN000226,CUST00226,60,Self-employed,1228637,Kano,764,Business,337882,7.18,36,10059.5,247058.06,90823.94,Active,0
LOAN000227,CUST00227,18,Salaried,1387866,Kano,710,Business,260130,13.27,24,12277.05,118172.43,141957.57,Active,10
LOAN000228,CUST00228,38,Self-employed,903346,Port Harcourt,554,Personal,1896851,22.57,24,96873.76,1120892.34,775958.6599999999,Active,20
LOAN000229,CUST00229,44,Self-employed,237612,Abuja,525,Personal,537001,15.7,6,103551.69,385508.13,151492.87,Defaulted,112
LOAN000230,CUST00230,37,Self-employed,882557,Kano,506,Personal,440723,23.73,18,30294.81,257340.46,183382.54,Delinquent,31
LOAN000231,CUST00231,26,Salaried,752634,Kano,654,Emergency,1394929,15.87,24,67346.01,1673914.8,0.0,Closed,0
LOAN000232,CUST00232,18,Salaried,622180,Port Harcourt,675,Education,286237,11.61,24,13311.21,154591.55,131645.45,Active,10
LOAN000233,CUST00233,38,Self-employed,1240723,Lagos,623,Emergency,455088,8.51,24,20575.67,325980.26,129107.73999999999,Delinquent,63
LOAN000234,CUST00234,33,Salaried,1453531,Ibadan,740,Education,344884,14.55,12,32922.05,322207.88,22676.119999999995,Active,30
LOAN000235,CUST00235,21,Salaried,741274,Lagos,580,Emergency,1565994,16.46,18,101319.81,925267.02,640726.98,Active,10
LOAN000236,CUST00236,41,Salaried,693419,Kano,373,Business,1488800,15.05,18,95159.13,993750.91,495049.08999999997,Active,20
LOAN000237,CUST00237,52,Unemployed,509545,Abuja,814,Business,1052820,8.06,36,31602.15,311047.96,741772.04,Active,30
LOAN000238,CUST00238,46,Self-employed,1476780,Kano,620,Education,1881096,20.75,36,63095.1,2257315.2,0.0,Closed,0
LOAN000239,CUST00239,54,Unemployed,213793,Kano,687,Business,285318,6.24,36,8420.05,263339.12,21978.880000000005,Defaulted,115
LOAN000240,CUST00240,63,Salaried,395059,Kano,784,Emergency,1141235,13.84,12,108265.16,1369482.0,0.0,Closed,0
LOAN000241,CUST00241,47,Self-employed,240718,Kano,535,Personal,984244,21.17,24,49692.02,700412.36,283831.64,Active,30
LOAN000242,CUST00242,65,Salaried,1221882,Abuja,674,Personal,1742224,11.16,6,322776.03,467031.2,1275192.8,Active,0
LOAN000243,CUST00243,48,Salaried,144979,Lagos,479,Education,1518813,6.28,6,269032.41,794483.15,724329.85,Defaulted,98
LOAN000244,CUST00244,46,Salaried,907456,Ibadan,520,Emergency,334014,20.32,24,16745.24,185721.18,148292.82,Active,30
LOAN000245,CUST00245,59,Self-employed,218296,Port Harcourt,755,Personal,1437879,22.49,12,146771.5,1725454.8,0.0,Closed,0
LOAN000246,CUST00246,19,Unemployed,424286,Port Harcourt,827,Emergency,874303,15.58,12,84209.95,653636.1,220666.90000000002,Delinquent,79
LOAN000247,CUST00247,27,Self-employed,1462431,Port Harcourt,546,Business,939460,15.64,12,90532.63,726400.33,213059.67000000004,Active,20
LOAN000248,CUST00248,33,Salaried,286652,Abuja,714,Personal,1434534,13.38,6,271079.11,1721440.8,0.0,Closed,0
LOAN000249,CUST00249,43,Salaried,261595,Ibadan,627,Business,986254,16.96,6,192253.78,432794.05,553459.95,Active,0
LOAN000250,CUST00250,32,Salaried,1181958,Kano,484,Education,1861373,20.52,12,186943.89,907074.1,954298.9,Active,20
LOAN000251,CUST00251,37,Salaried,1261052,Abuja,850,Business,1460401,21.37,12,147707.39,1501077.93,0.0,Closed,0
LOAN000252,CUST00252,29,Salaried,917298,Ibadan,717,Emergency,177837,16.13,36,5736.73,58762.63,119074.37,Delinquent,89
LOAN000253,CUST00253,44,Unemployed,148323,Abuja,591,Education,1399131,18.43,36,46027.52,776247.99,622883.01,Active,30
LOAN000254,CUST00254,47,Salaried,839494,Lagos,546,Emergency,1178117,14.47,12,112382.54,674214.94,503902.06000000006,Active,10
LOAN000255,CUST00255,46,Salaried,923480,Port Harcourt,550,Personal,331212,12.77,18,20750.43,253230.28,77981.72,Active,0
LOAN000256,CUST00256,22,Self-employed,1173309,Abuja,643,Business,449468,6.03,24,19857.12,373569.51,75898.48999999999,Active,0
LOAN000257,CUST00257,65,Salaried,1055362,Lagos,541,Emergency,1952185,11.66,6,363301.63,1324197.51,627987.49,Active,10
LOAN000258,CUST00258,42,Self-employed,558754,Ibadan,740,Education,1525909,9.09,12,138717.84,880401.58,645507.42,Active,20
LOAN000259,CUST00259,38,Salaried,696808,Abuja,532,Education,1125454,22.66,24,57520.08,1013218.28,112235.71999999997,Active,30
LOAN000260,CUST00260,36,Salaried,706245,Abuja,740,Business,1229699,22.28,12,125306.33,958918.9,270780.1,Active,30
LOAN000261,CUST00261,34,Salaried,741777,Ibadan,715,Emergency,1244935,21.67,24,63113.02,310210.93,934724.0700000001,Active,20
LOAN000262,CUST00262,29,Salaried,1016428,Kano,718,Personal,1717184,12.04,12,160327.75,946533.92,770650.08,Delinquent,62
LOAN000263,CUST00263,26,Salaried,1148791,Abuja,433,Personal,1825653,6.49,6,324022.98,951205.84,874447.16,Delinquent,57
LOAN000264,CUST00264,60,Salaried,366732,Ibadan,655,Personal,1110598,14.12,6,211235.74,290684.89,819913.11,Active,30
LOAN000265,CUST00265,36,Salaried,63867,Lagos,541,Emergency,912639,5.24,36,26679.48,755589.12,157049.88,Delinquent,65
LOAN000266,CUST00266,40,Salaried,425949,Port Harcourt,450,Emergency,251984,15.49,12,24251.36,237262.52,14721.48000000001,Active,20
LOAN000267,CUST00267,37,Salaried,215715,Lagos,504,Personal,901501,14.18,12,85777.82,658254.45,243246.55000000005,Defaulted,118
LOAN000268,CUST00268,23,Salaried,246084,Ibadan,655,Emergency,840981,16.05,6,162659.74,466281.22,374699.78,Active,10
LOAN000269,CUST00269,20,Self-employed,1402468,Abuja,603,Business,1236687,24.55,6,256715.61,608296.64,628390.36,Delinquent,89
LOAN000270,CUST00270,52,Salaried,1238632,Kano,580,Personal,147647,23.48,18,10128.58,155308.08,0.0,Closed,0
LOAN000271,CUST00271,55,Unemployed,426133,Abuja,514,Emergency,709522,5.31,12,62266.47,710024.08,0.0,Closed,0
LOAN000272,CUST00272,42,Salaried,211349,Abuja,822,Personal,1232706,9.81,24,56401.44,1120457.34,112248.65999999992,Active,20
LOAN000273,CUST00273,39,Self-employed,1100238,Kano,554,Emergency,775319,6.07,24,34265.87,6595.37,768723.63,Active,0
LOAN000274,CUST00274,53,Salaried,734461,Ibadan,625,Emergency,623208,20.67,24,31334.38,575296.79,47911.20999999996,Active,20
LOAN000275,CUST00275,63,Self-employed,439520,Lagos,577,Personal,1435529,12.6,36,44900.16,1236483.95,199045.05000000005,Active,10
LOAN000276,CUST00276,41,Salaried,611978,Lagos,631,Personal,1542495,20.68,12,155123.58,1196940.54,345554.45999999996,Delinquent,51
LOAN000277,CUST00277,24,Unemployed,60895,Abuja,680,Personal,982678,12.2,18,61253.6,1081274.62,0.0,Closed,0
LOAN000278,CUST00278,40,Salaried,442989,Kano,600,Personal,1218082,16.09,24,58919.64,1036929.82,181152.18000000005,Active,0
LOAN000279,CUST00279,23,Salaried,1301841,Kano,598,Business,730379,22.27,6,148839.07,440943.05,289435.95,Active,30
LOAN000280,CUST00280,49,Salaried,1249487,Abuja,599,Personal,1487211,12.61,12,139562.36,1291398.32,195812.67999999993,Active,20
LOAN000281,CUST00281,64,Salaried,400659,Ibadan,850,Business,933115,11.0,6,172626.28,780954.23,152160.77000000002,Active,10
LOAN000282,CUST00282,39,Salaried,1010205,Kano,610,Emergency,688914,5.14,24,30180.17,696724.5,0.0,Closed,0
LOAN000283,CUST00283,26,Salaried,741099,Port Harcourt,601,Education,953067,21.31,36,32115.71,1058251.45,0.0,Closed,0
LOAN000284,CUST00284,36,Unemployed,1315025,Ibadan,529,Business,471216,14.58,12,44993.27,65292.93,405923.07,Defaulted,130
LOAN000285,CUST00285,55,Salaried,733432,Kano,607,Business,1762313,20.72,18,118192.46,332658.47,1429654.53,Active,10
LOAN000286,CUST00286,46,Self-employed,1479655,Port Harcourt,850,Personal,106447,24.06,24,5502.42,80423.42,26023.58,Defaulted,116
LOAN000287,CUST00287,63,Self-employed,908032,Ibadan,623,Emergency,341879,17.67,12,33524.08,289940.13,51938.869999999995,Active,10
LOAN000288,CUST00288,52,Salaried,205116,Lagos,384,Education,1303958,14.58,24,62253.13,1302421.51,1536.4899999999907,Active,30
LOAN000289,CUST00289,28,Salaried,1175973,Kano,742,Personal,1967638,6.7,12,174955.81,1614809.75,352828.25,Active,20
LOAN000290,CUST00290,24,Unemployed,1231158,Lagos,787,Personal,1470761,17.93,18,96359.36,450676.65,1020084.35,Defaulted,145
LOAN000291,CUST00291,46,Salaried,592613,Port Harcourt,600,Emergency,1616264,15.38,36,51801.26,1376327.87,239936.1299999999,Active,10
LOAN000292,CUST00292,48,Self-employed,1021113,Lagos,850,Education,1284362,18.81,12,127162.54,1207087.79,77274.20999999996,Active,0
LOAN000293,CUST00293,47,Unemployed,922363,Abuja,679,Emergency,230050,7.32,12,20574.14,185089.0,44961.0,Active,20
LOAN000294,CUST00294,20,Salaried,780438,Lagos,548,Personal,968900,19.44,24,48218.92,593152.57,375747.43000000005,Active,20
LOAN000295,CUST00295,39,Self-employed,769486,Kano,547,Emergency,1470064,21.0,12,148231.45,1468742.04,1321.9599999999627,Active,10
LOAN000296,CUST00296,43,Salaried,1018997,Lagos,592,Business,899446,17.6,12,88145.71,693895.49,205550.51,Active,30
LOAN000297,CUST00297,54,Salaried,992827,Lagos,690,Business,865447,5.09,12,75791.52,773444.75,92002.25,Active,0
LOAN000298,CUST00298,51,Salaried,817123,Port Harcourt,588,Emergency,1009552,7.28,24,45126.97,1071399.16,0.0,Closed,0
LOAN000299,CUST00299,57,Salaried,1332006,Kano,532,Personal,289562,11.96,24,13508.07,193727.84,95834.16,Active,20
LOAN000300,CUST00300,50,Salaried,1459517,Ibadan,695,Emergency,297173,9.77,6,54367.8,183270.16,113902.84,Active,10
LOAN000301,CUST00301,53,Salaried,1300795,Abuja,539,Emergency,854698,13.46,24,40405.85,835122.5,19575.5,Active,10
LOAN000302,CUST00302,21,Salaried,655730,Port Harcourt,812,Personal,709722,21.84,36,24020.15,717445.04,0.0,Closed,0
LOAN000303,CUST00303,44,Salaried,1066298,Ibadan,850,Emergency,1759631,12.68,36,55076.45,1537971.11,221659.8899999999,Active,30
LOAN000304,CUST00304,32,Salaried,980824,Kano,500,Education,223372,16.31,12,21650.33,115676.15,107695.85,Active,20
LOAN000305,CUST00305,54,Self-employed,402759,Lagos,829,Education,1236254,19.85,24,61735.43,267505.49,968748.51,Active,0
LOAN000306,CUST00306,52,Self-employed,1188976,Abuja,643,Emergency,819364,15.84,6,158191.88,775372.1,43991.90000000002,Delinquent,59
LOAN000307,CUST00307,46,Self-employed,264782,Port Harcourt,514,Education,1420848,20.03,18,94746.88,1184973.86,235874.1399999999,Delinquent,33
LOAN000308,CUST00308,31,Salaried,232416,Kano,665,Education,296176,20.51,12,29743.47,355411.2,0.0,Closed,0
LOAN000309,CUST00309,21,Self-employed,1329811,Kano,737,Education,398088,17.32,12,38919.74,311630.63,86457.37,Delinquent,82
LOAN000310,CUST00310,50,Salaried,1166273,Lagos,676,Business,1179879,8.37,18,71035.27,1055169.06,124709.93999999994,Active,20
LOAN000311,CUST00311,33,Unemployed,913179,Abuja,706,Education,631589,22.34,12,64390.5,323915.26,307673.74,Delinquent,39
LOAN000312,CUST00312,54,Self-employed,569159,Port Harcourt,811,Emergency,1468166,12.85,12,138068.78,1761799.2,0.0,Closed,0
LOAN000313,CUST00313,43,Salaried,836793,Kano,588,Education,1378813,20.89,6,277807.84,1654575.6,0.0,Closed,0
LOAN000314,CUST00314,64,Salaried,823998,Lagos,634,Emergency,1073503,11.55,6,199582.1,486424.13,587078.87,Delinquent,85
LOAN000315,CUST00315,31,Self-employed,1381357,Ibadan,781,Education,801247,22.0,36,27153.37,614330.08,186916.92000000004,Active,30
LOAN000316,CUST00316,39,Self-employed,727097,Lagos,833,Personal,758323,15.95,12,73272.96,183711.79,574611.21,Active,30
LOAN000317,CUST00317,46,Self-employed,258823,Ibadan,598,Personal,1804691,14.19,6,343462.78,1267971.62,536719.3799999999,Defaulted,110
LOAN000318,CUST00318,23,Salaried,947160,Port Harcourt,451,Education,1494081,23.19,18,102253.24,666910.97,827170.03,Active,20
LOAN000319,CUST00319,64,Salaried,222848,Abuja,658,Emergency,1945406,17.98,6,382531.67,1939474.8,5931.199999999953,Active,20
LOAN000320,CUST00320,51,Salaried,1424652,Ibadan,494,Personal,249614,5.02,24,10922.69,90612.81,159001.19,Active,10
LOAN000321,CUST00321,22,Self-employed,66908,Abuja,850,Emergency,1763601,7.41,24,78928.49,1145043.68,618557.3200000001,Active,30
LOAN000322,CUST00322,42,Self-employed,237340,Abuja,469,Business,264805,7.06,18,15750.01,177981.42,86823.57999999999,Delinquent,39
LOAN000323,CUST00323,58,Salaried,193469,Abuja,617,Emergency,67772,17.21,12,6619.63,45832.65,21939.35,Active,10
LOAN000324,CUST00324,55,Self-employed,1342005,Ibadan,643,Education,1853472,9.34,6,337764.38,0.0,1853472.0,Active,0
LOAN000325,CUST00325,62,Salaried,950493,Lagos,733,Education,343245,9.96,6,62905.37,233653.61,109591.39000000001,Active,20
LOAN000326,CUST00326,36,Salaried,480850,Lagos,785,Business,1118546,8.77,24,50693.44,1342255.2,0.0,Closed,0
LOAN000327,CUST00327,41,Salaried,1087854,Port Harcourt,517,Business,555585,14.99,36,17746.31,371871.59,183713.40999999997,Active,0
LOAN000328,CUST00328,61,Self-employed,861258,Abuja,657,Emergency,1241980,13.42,36,39129.27,1490376.0,0.0,Closed,0
LOAN000329,CUST00329,43,Salaried,203074,Kano,647,Education,191626,5.28,12,16811.99,144520.26,47105.73999999999,Active,0
LOAN000330,CUST00330,35,Self-employed,1368208,Lagos,632,Education,1658746,13.31,24,78313.55,1342631.19,316114.81000000006,Active,10
LOAN000331,CUST00331,55,Salaried,215720,Lagos,584,Education,476136,24.49,12,49395.14,275159.66,200976.34000000003,Active,30
LOAN000332,CUST00332,25,Self-employed,967474,Ibadan,584,Personal,1825172,9.77,12,166957.61,1350944.89,474227.1100000001,Active,30
LOAN000333,CUST00333,62,Self-employed,698628,Lagos,662,Business,1430035,19.81,6,285554.16,766707.92,663327.08,Active,10
LOAN000334,CUST00334,65,Unemployed,1091053,Port Harcourt,830,Personal,1146821,15.34,18,73485.74,772391.78,374429.22,Active,10
LOAN000335,CUST00335,49,Salaried,111564,Ibadan,780,Education,950358,10.44,6,174929.23,0.0,950358.0,Active,0
LOAN000336,CUST00336,34,Salaried,166264,Lagos,401,Personal,1238846,8.34,12,111847.15,1392246.8,0.0,Closed,0
LOAN000337,CUST00337,41,Self-employed,528998,Ibadan,605,Business,55386,5.88,6,9773.78,35845.47,19540.53,Active,30
LOAN000338,CUST00338,44,Unemployed,425308,Port Harcourt,556,Education,1848276,5.71,24,81408.86,605765.97,1242510.03,Active,10
LOAN000339,CUST00339,43,Salaried,213341,Lagos,850,Emergency,300401,15.04,6,57596.89,125215.32,175185.68,Active,0
LOAN000340,CUST00340,47,Self-employed,642040,Lagos,802,Education,701580,11.55,36,21739.24,723120.97,0.0,Closed,0
LOAN000341,CUST00341,55,Salaried,470837,Ibadan,514,Business,1695230,11.08,36,52307.26,1638442.54,56787.45999999996,Active,20
LOAN000342,CUST00342,58,Self-employed,1196217,Lagos,708,Education,564068,8.01,24,25385.41,334291.47,229776.53000000003,Active,20
LOAN000343,CUST00343,44,Self-employed,53066,Ibadan,735,Personal,839105,21.98,18,56863.35,321680.68,517424.32,Active,10
LOAN000344,CUST00344,44,Self-employed,348578,Port Harcourt,605,Emergency,245091,5.88,12,21625.2,166147.77,78943.23000000001,Delinquent,64
LOAN000345,CUST00345,45,Salaried,228053,Abuja,703,Business,1109958,7.67,24,49795.49,1069209.21,40748.79000000004,Active,0
LOAN000346,CUST00346,38,Salaried,661688,Port Harcourt,789,Emergency,710621,23.52,24,36573.29,456012.71,254608.28999999998,Delinquent,78
LOAN000347,CUST00347,28,Salaried,620332,Ibadan,723,Emergency,475119,7.72,36,14216.62,202249.13,272869.87,Active,0
LOAN000348,CUST00348,34,Salaried,708575,Lagos,612,Personal,1173915,12.17,12,109731.7,1089311.39,84603.6100000001,Active,30
LOAN000349,CUST00349,27,Self-employed,380543,Lagos,499,Business,687985,21.53,36,23225.23,583301.14,104683.85999999999,Active,20
LOAN000350,CUST00350,29,Salaried,796046,Lagos,627,Emergency,152656,18.54,18,10053.25,156809.48,0.0,Closed,0
LOAN000351,CUST00351,25,Salaried,998334,Lagos,775,Personal,1203687,10.0,24,55168.99,714006.78,489680.22,Active,10
LOAN000352,CUST00352,22,Salaried,516172,Lagos,480,Personal,1777368,13.01,6,334767.26,957462.62,819905.38,Active,20
LOAN000353,CUST00353,25,Unemployed,464712,Lagos,722,Emergency,979942,21.19,6,197931.95,277334.61,702607.39,Defaulted,132
LOAN000354,CUST00354,61,Salaried,156194,Ibadan,850,Business,1253522,13.66,24,59364.71,458627.59,794894.4099999999,Active,30
LOAN000355,CUST00355,57,Salaried,792272,Kano,850,Business,442484,10.5,24,20372.7,55496.86,386987.14,Delinquent,33
LOAN000356,CUST00356,42,Salaried,1407441,Abuja,638,Emergency,914010,22.66,24,46713.53,743369.12,170640.88,Active,20
LOAN000357,CUST00357,63,Self-employed,468293,Port Harcourt,697,Emergency,1721845,15.52,36,55252.09,1009903.89,711941.11,Delinquent,55
LOAN000358,CUST00358,29,Self-employed,1191936,Lagos,782,Education,771491,23.25,36,26412.85,569907.8,201583.19999999995,Active,20
LOAN000359,CUST00359,51,Salaried,1302243,Port Harcourt,668,Business,1928554,21.21,18,129866.68,1512503.76,416050.24,Active,30
LOAN000360,CUST00360,65,Salaried,384757,Lagos,643,Business,1427544,9.82,36,43548.02,914936.27,512607.73,Delinquent,89
LOAN000361,CUST00361,65,Self-employed,1257313,Port Harcourt,444,Personal,1722249,12.77,12,161848.35,1450720.14,271528.8600000001,Active,20
LOAN000362,CUST00362,49,Unemployed,787530,Kano,739,Education,1231968,7.84,12,110712.86,425699.61,806268.39,Delinquent,82
LOAN000363,CUST00363,18,Salaried,418169,Port Harcourt,627,Business,239283,6.12,36,7053.53,191727.81,47555.19,Active,30
LOAN000364,CUST00364,55,Salaried,323656,Abuja,691,Personal,422160,23.38,18,28936.72,318954.62,103205.38,Active,10
LOAN000365,CUST00365,37,Self-employed,1153720,Port Harcourt,556,Business,202109,12.47,24,9471.33,118854.66,83254.34,Active,20
LOAN000366,CUST00366,63,Self-employed,380309,Kano,532,Education,966179,20.84,24,48647.11,781400.72,184778.28000000003,Active,10
LOAN000367,CUST00367,26,Self-employed,518162,Abuja,445,Personal,1758034,8.51,18,105980.15,1533842.17,224191.83000000007,Delinquent,49
LOAN000368,CUST00368,29,Salaried,1251321,Kano,706,Education,1666548,24.3,6,345253.19,1764452.18,0.0,Closed,0
LOAN000369,CUST00369,33,Salaried,1332159,Port Harcourt,767,Education,1236044,7.08,24,55148.16,1021972.21,214071.79000000004,Active,0
LOAN000370,CUST00370,46,Self-employed,402085,Lagos,771,Education,236071,21.43,18,15925.61,283285.2,0.0,Closed,0
LOAN000371,CUST00371,42,Salaried,489739,Ibadan,496,Emergency,192175,12.01,6,35875.87,38000.25,154174.75,Delinquent,34
LOAN000372,CUST00372,48,Self-employed,398836,Kano,653,Business,1084067,22.64,18,73861.1,609846.69,474220.31000000006,Active,0
LOAN000373,CUST00373,24,Salaried,391115,Lagos,562,Education,1726032,21.92,18,116909.9,1562572.81,163459.18999999994,Active,20
LOAN000374,CUST00374,39,Self-employed,406736,Kano,559,Emergency,387441,19.64,36,12875.96,312289.08,75151.91999999998,Defaulted,101
LOAN000375,CUST00375,39,Salaried,114997,Abuja,481,Business,1420772,8.3,24,64112.34,804930.79,615841.21,Active,0
LOAN000376,CUST00376,37,Self-employed,908322,Abuja,487,Personal,1564223,23.51,36,53665.88,739924.45,824298.55,Active,20
LOAN000377,CUST00377,45,Salaried,154093,Lagos,776,Education,1202726,21.8,12,122076.69,549932.06,652793.94,Active,0
LOAN000378,CUST00378,23,Self-employed,1438357,Ibadan,850,Personal,1057321,8.99,6,192062.36,491844.94,565476.06,Active,20
LOAN000379,CUST00379,29,Self-employed,696663,Port Harcourt,672,Emergency,1037642,14.78,18,66166.97,931797.71,105844.29000000004,Active,30
LOAN000380,CUST00380,54,Salaried,824691,Lagos,734,Business,143568,10.27,24,6596.35,70706.19,72861.81,Active,20
LOAN000381,CUST00381,53,Salaried,1449782,Lagos,664,Emergency,1451193,11.88,36,45099.85,837786.27,613406.73,Active,10
LOAN000382,CUST00382,54,Salaried,1145934,Abuja,638,Emergency,1173055,18.74,24,58036.9,1407666.0,0.0,Closed,0
LOAN000383,CUST00383,50,Salaried,676738,Kano,565,Business,1943261,22.08,6,395388.84,2127447.16,0.0,Closed,0
LOAN000384,CUST00384,26,Unemployed,302249,Lagos,850,Emergency,991704,8.46,12,89633.51,733368.53,258335.46999999997,Defaulted,114
LOAN000385,CUST00385,38,Unemployed,214350,Lagos,850,Personal,963085,9.04,12,87512.32,541166.98,421918.02,Delinquent,47
LOAN000386,CUST00386,62,Salaried,863902,Kano,582,Emergency,1207741,11.52,18,74826.26,1162240.06,45500.939999999944,Active,0
LOAN000387,CUST00387,24,Salaried,285969,Kano,766,Personal,360797,16.33,36,11658.75,339048.99,21748.01000000001,Delinquent,37
LOAN000388,CUST00388,54,Self-employed,649980,Kano,461,Emergency,1895778,11.88,24,88374.85,1775477.59,120300.40999999992,Active,30
LOAN000389,CUST00389,20,Salaried,128571,Ibadan,620,Education,895097,7.88,36,26823.07,476065.26,419031.74,Active,30
LOAN000390,CUST00390,39,Salaried,1498112,Port Harcourt,724,Education,1613950,14.5,18,102665.15,1174422.95,439527.05000000005,Delinquent,32
LOAN000391,CUST00391,26,Self-employed,637929,Port Harcourt,489,Emergency,1849848,18.92,6,366639.87,1486001.95,363846.05000000005,Defaulted,119
LOAN000392,CUST00392,44,Salaried,722909,Ibadan,723,Education,924035,17.1,6,180340.83,798421.09,125613.91000000003,Active,10
LOAN000393,CUST00393,29,Salaried,167872,Abuja,779,Business,383389,6.31,36,11321.69,351927.0,31462.0,Active,0
LOAN000394,CUST00394,63,Salaried,170853,Abuja,705,Education,1007242,6.01,18,59320.96,1007419.93,0.0,Closed,0
LOAN000395,CUST00395,41,Self-employed,822489,Ibadan,450,Emergency,1109326,12.94,6,208812.13,808643.51,300682.49,Active,10
LOAN000396,CUST00396,65,Unemployed,422419,Lagos,674,Education,1045271,16.74,18,67791.63,918673.49,126597.51000000001,Active,20
LOAN000397,CUST00397,32,Salaried,107567,Abuja,496,Education,391641,22.08,12,39842.94,325639.17,66001.83000000002,Delinquent,72
LOAN000398,CUST00398,59,Salaried,1416477,Abuja,776,Personal,92052,22.29,6,18761.73,39184.98,52867.02,Active,10
LOAN000399,CUST00399,40,Salaried,519279,Ibadan,731,Education,1738386,23.86,18,119620.27,1283160.86,455225.1399999999,Active,30
LOAN000400,CUST00400,18,Salaried,507617,Kano,653,Education,1470183,15.41,36,47131.62,1115127.21,355055.79000000004,Active,0
LOAN000401,CUST00401,48,Self-employed,1227460,Lagos,588,Education,1327270,10.65,6,244770.71,1369059.28,0.0,Closed,0
LOAN000402,CUST00402,21,Self-employed,629827,Kano,594,Emergency,1856678,10.54,18,114020.66,1446048.1,410629.8999999999,Active,10
LOAN000403,CUST00403,44,Salaried,1435232,Ibadan,612,Emergency,343453,19.43,24,17091.08,212821.04,130631.95999999999,Defaulted,123
LOAN000404,CUST00404,61,Salaried,124069,Kano,592,Emergency,1249659,21.32,18,84227.02,1020521.69,229137.31000000006,Delinquent,45
LOAN000405,CUST00405,29,Salaried,1459010,Port Harcourt,542,Personal,679554,21.91,36,23012.34,765671.73,0.0,Closed,0
LOAN000406,CUST00406,61,Salaried,1037299,Port Harcourt,597,Personal,592432,19.5,36,19665.45,411111.38,181320.62,Delinquent,42
LOAN000407,CUST00407,39,Salaried,516099,Port Harcourt,673,Education,1610721,22.43,24,82166.91,1907244.05,0.0,Closed,0
LOAN000408,CUST00408,58,Salaried,1278030,Kano,471,Personal,1835124,7.36,6,328364.85,1944411.8,0.0,Closed,0
LOAN000409,CUST00409,21,Self-employed,1040316,Abuja,756,Business,1099577,7.4,24,49206.07,912775.45,186801.55000000005,Active,30
LOAN000410,CUST00410,23,Salaried,470052,Ibadan,777,Education,1244125,22.86,24,63688.83,963805.22,280319.78,Active,10
LOAN000411,CUST00411,28,Unemployed,1373371,Kano,819,Business,707276,17.69,6,138732.19,420697.29,286578.71,Active,10
LOAN000412,CUST00412,45,Self-employed,1076717,Ibadan,606,Emergency,1685259,6.76,36,49977.29,2022310.8,0.0,Closed,0
LOAN000413,CUST00413,18,Unemployed,949731,Port Harcourt,824,Business,853872,5.09,36,24925.95,526283.36,327588.64,Active,20
LOAN000414,CUST00414,62,Self-employed,87572,Port Harcourt,587,Education,1364257,19.67,12,136050.53,1637108.4,0.0,Closed,0
LOAN000415,CUST00415,37,Salaried,320387,Port Harcourt,616,Emergency,1105573,16.77,12,107581.47,689815.59,415757.41000000003,Active,0
LOAN000416,CUST00416,40,Salaried,1141123,Abuja,539,Business,758491,13.67,12,71848.06,262942.17,495548.83,Active,30
LOAN000417,CUST00417,55,Salaried,895973,Kano,557,Business,520435,19.54,12,51844.0,233549.25,286885.75,Active,0
LOAN000418,CUST00418,52,Salaried,308289,Kano,678,Personal,1414282,20.84,24,71209.1,1045995.24,368286.76,Delinquent,47
LOAN000419,CUST00419,21,Unemployed,1295549,Lagos,530,Emergency,1438251,7.16,6,256871.63,1725901.2,0.0,Closed,0
LOAN000420,CUST00420,31,Salaried,981794,Lagos,624,Education,1197734,10.05,12,109842.19,1251987.42,0.0,Closed,0
LOAN000421,CUST00421,44,Self-employed,932631,Lagos,730,Personal,1439327,15.41,36,46142.42,1058136.91,381190.0900000001,Active,10
LOAN000422,CUST00422,51,Salaried,642879,Abuja,695,Education,272851,14.95,36,8712.28,112737.5,160113.5,Active,20
LOAN000423,CUST00423,39,Salaried,909321,Abuja,709,Personal,132639,15.96,12,12817.35,106102.67,26536.33,Active,30
LOAN000424,CUST00424,23,Self-employed,76737,Kano,850,Personal,1951865,7.21,36,58127.62,1633224.2,318640.80000000005,Active,10
LOAN000425,CUST00425,24,Unemployed,262421,Abuja,586,Personal,1401272,9.62,18,85337.46,782859.85,618412.15,Active,0
LOAN000426,CUST00426,18,Salaried,659363,Abuja,583,Business,1469282,11.25,6,272429.37,827290.75,641991.25,Active,0
LOAN000427,CUST00427,41,Salaried,739251,Port Harcourt,792,Business,967953,24.1,18,66734.98,540876.52,427076.48,Delinquent,36
LOAN000428,CUST00428,62,Salaried,288723,Ibadan,581,Emergency,1007431,10.44,24,46358.62,1184891.25,0.0,Closed,0
LOAN000429,CUST00429,24,Self-employed,1410729,Ibadan,706,Emergency,399760,7.26,6,71463.76,199997.26,199762.74,Defaulted,110
LOAN000430,CUST00430,48,Self-employed,1243160,Ibadan,725,Personal,430130,17.23,18,28013.41,251339.19,178790.81,Active,10
LOAN000431,CUST00431,60,Salaried,912525,Port Harcourt,468,Personal,182825,10.23,18,11196.0,148248.57,34576.42999999999,Active,10
LOAN000432,CUST00432,27,Self-employed,957747,Kano,850,Personal,571303,14.64,24,27289.24,685563.6,0.0,Closed,0
LOAN000433,CUST00433,28,Self-employed,74421,Lagos,603,Emergency,379100,15.11,24,18182.58,214632.54,164467.46,Delinquent,86
LOAN000434,CUST00434,43,Salaried,722417,Abuja,690,Personal,633337,6.01,12,55950.05,529317.49,104019.51000000001,Active,30
LOAN000435,CUST00435,49,Salaried,1012791,Lagos,850,Personal,1251741,13.96,24,59436.84,1186103.81,65637.18999999994,Active,0
LOAN000436,CUST00436,58,Salaried,896074,Port Harcourt,554,Business,1218388,15.98,6,235514.4,849113.89,369274.11,Delinquent,70
LOAN000437,CUST00437,47,Self-employed,1422787,Port Harcourt,562,Emergency,764823,12.27,6,143111.13,257136.73,507686.27,Delinquent,85
LOAN000438,CUST00438,58,Salaried,1428179,Port Harcourt,850,Education,999029,7.28,12,89313.19,739343.31,259685.68999999994,Active,20
LOAN000439,CUST00439,30,Salaried,272973,Lagos,676,Emergency,394258,14.85,24,18866.89,234471.78,159786.22,Active,10
LOAN000440,CUST00440,20,Salaried,502123,Kano,792,Personal,1688757,8.81,18,102085.36,1258247.47,430509.53,Active,30
LOAN000441,CUST00441,49,Salaried,994776,Lagos,586,Personal,1285885,24.12,12,133003.37,1543062.0,0.0,Closed,0
LOAN000442,CUST00442,29,Unemployed,1210199,Kano,775,Business,1809124,16.7,36,58645.77,1091206.01,717917.99,Delinquent,89
LOAN000443,CUST00443,44,Salaried,319236,Kano,850,Business,1428923,17.01,18,92887.93,1364003.38,64919.62000000011,Active,30
LOAN000444,CUST00444,44,Salaried,623772,Kano,606,Education,769027,24.41,24,39864.44,711487.21,57539.79000000004,Delinquent,39
LOAN000445,CUST00445,31,Self-employed,1198832,Kano,783,Education,1542908,19.74,36,51318.83,1430578.82,112329.17999999993,Active,10
LOAN000446,CUST00446,63,Salaried,1489928,Lagos,710,Education,1460069,7.65,12,130980.36,1454439.93,5629.070000000065,Active,20
LOAN000447,CUST00447,61,Salaried,1229187,Kano,790,Education,1246715,23.85,24,64335.69,1333988.05,0.0,Closed,0
LOAN000448,CUST00448,27,Self-employed,935808,Lagos,727,Personal,1146244,7.13,24,51165.47,1334970.44,0.0,Closed,0
LOAN000449,CUST00449,21,Salaried,469225,Port Harcourt,667,Business,1697380,8.22,18,102050.26,1187936.13,509443.8700000001,Active,10
LOAN000450,CUST00450,61,Salaried,1184920,Kano,551,Business,1757136,14.05,36,55667.04,1953852.1,0.0,Closed,0
LOAN000451,CUST00451,42,Salaried,1407107,Ibadan,602,Emergency,548273,15.22,18,35095.56,471844.84,76428.15999999997,Active,0
LOAN000452,CUST00452,32,Salaried,1486861,Port Harcourt,803,Business,1207889,6.08,18,71184.93,916332.92,291556.07999999996,Active,30
LOAN000453,CUST00453,65,Salaried,455794,Kano,655,Personal,422089,24.67,6,87703.06,340764.99,81324.01000000001,Active,10
LOAN000454,CUST00454,18,Salaried,841042,Port Harcourt,739,Emergency,635340,16.13,12,61485.03,217313.7,418026.3,Active,20
LOAN000455,CUST00455,57,Salaried,374651,Port Harcourt,850,Emergency,1997474,11.45,6,371030.8,1884906.86,112567.1399999999,Delinquent,71
LOAN000456,CUST00456,51,Salaried,1250990,Lagos,676,Business,202842,20.68,18,13599.43,133402.39,69439.60999999999,Active,10
LOAN000457,CUST00457,39,Salaried,922271,Port Harcourt,839,Education,896026,6.84,12,79776.18,739055.78,156970.21999999997,Delinquent,73
LOAN000458,CUST00458,18,Salaried,665670,Lagos,683,Education,1628433,17.37,24,79637.16,1174770.03,453662.97,Defaulted,173
LOAN000459,CUST00459,61,Salaried,984631,Port Harcourt,672,Emergency,1396925,17.27,36,45504.83,1302449.5,94475.5,Active,0
LOAN000460,CUST00460,50,Salaried,287762,Kano,673,Emergency,1182959,19.48,6,235566.57,728785.45,454173.55000000005,Defaulted,137
LOAN000461,CUST00461,50,Salaried,1070903,Lagos,526,Personal,1933833,18.03,18,126805.73,2073242.1,0.0,Closed,0
LOAN000462,CUST00462,60,Unemployed,401052,Abuja,565,Emergency,1671766,15.76,6,322539.39,1320512.75,351253.25,Active,10
LOAN000463,CUST00463,59,Salaried,267950,Lagos,467,Business,1788011,19.05,24,88692.8,1982035.21,0.0,Closed,0
LOAN000464,CUST00464,53,Salaried,99813,Lagos,695,Business,745657,5.76,6,131434.47,434213.55,311443.45,Active,20
LOAN000465,CUST00465,38,Salaried,592424,Lagos,642,Emergency,996079,17.6,24,48807.87,1195294.8,0.0,Closed,0
LOAN000466,CUST00466,62,Salaried,1462009,Lagos,850,Education,62370,17.83,36,2041.4,36389.16,25980.839999999997,Active,0
LOAN000467,CUST00467,42,Salaried,1104525,Ibadan,386,Personal,1700231,18.72,36,56069.84,536585.81,1163645.19,Active,30
LOAN000468,CUST00468,52,Salaried,1044024,Port Harcourt,589,Business,511091,7.73,24,22941.6,450784.48,60306.52000000002,Delinquent,85
LOAN000469,CUST00469,53,Self-employed,675069,Kano,735,Business,1967151,24.31,18,135853.63,872687.5,1094463.5,Defaulted,91
LOAN000470,CUST00470,37,Salaried,308442,Abuja,582,Education,1251077,16.93,36,40635.68,1029811.79,221265.20999999996,Active,0
LOAN000471,CUST00471,57,Salaried,494044,Port Harcourt,754,Business,1404616,22.03,12,142837.74,513961.19,890654.81,Active,10
LOAN000472,CUST00472,47,Salaried,290380,Kano,638,Personal,1727008,16.35,6,334895.63,1632126.79,94881.20999999996,Delinquent,66
LOAN000473,CUST00473,49,Self-employed,659542,Port Harcourt,521,Education,575730,6.96,36,17105.58,690876.0,0.0,Closed,0
LOAN000474,CUST00474,38,Self-employed,318886,Ibadan,566,Emergency,541851,7.0,36,16105.02,158406.05,383444.95,Active,10
LOAN000475,CUST00475,38,Self-employed,738591,Ibadan,679,Business,691047,18.87,12,68453.96,508834.63,182212.37,Active,20
LOAN000476,CUST00476,26,Salaried,60133,Port Harcourt,692,Emergency,1697648,9.43,24,77405.68,1150375.83,547272.1699999999,Active,20
LOAN000477,CUST00477,35,Salaried,1020663,Abuja,823,Business,1674804,11.11,36,51690.96,627278.03,1047525.97,Active,0
LOAN000478,CUST00478,50,Self-employed,602043,Lagos,784,Emergency,1364115,6.53,6,242198.62,989467.15,374647.85,Delinquent,85
LOAN000479,CUST00479,48,Salaried,1287395,Abuja,704,Education,126873,16.03,36,4089.19,108199.53,18673.47,Delinquent,65
LOAN000480,CUST00480,43,Salaried,873128,Port Harcourt,703,Personal,1669305,16.79,18,108310.07,1537313.36,131991.6399999999,Active,0
LOAN000481,CUST00481,46,Salaried,1439737,Abuja,809,Business,1741437,24.64,12,180877.26,1641856.11,99580.8899999999,Delinquent,39
LOAN000482,CUST00482,40,Unemployed,1237737,Lagos,735,Business,1432889,22.44,12,146202.44,1159144.66,273744.3400000001,Delinquent,61
LOAN000483,CUST00483,42,Salaried,1072659,Ibadan,822,Emergency,604397,12.39,6,113213.63,437026.95,167370.05,Active,20
LOAN000484,CUST00484,65,Salaried,147386,Port Harcourt,850,Business,1410054,11.48,36,43664.67,771415.6,638638.4,Active,20
LOAN000485,CUST00485,32,Self-employed,839912,Kano,478,Emergency,816082,16.75,6,158795.96,602229.85,213852.15000000002,Active,30
LOAN000486,CUST00486,50,Self-employed,790080,Abuja,568,Emergency,773585,14.74,24,36983.81,609918.65,163666.34999999998,Delinquent,31
LOAN000487,CUST00487,27,Salaried,397300,Abuja,571,Business,1129071,17.87,12,110903.0,1131547.13,0.0,Closed,0
LOAN000488,CUST00488,64,Self-employed,809636,Lagos,423,Emergency,1763278,7.37,12,157769.3,1086434.87,676843.1299999999,Active,20
LOAN000489,CUST00489,26,Salaried,1466058,Kano,359,Business,491878,16.82,24,23942.16,302164.64,189713.36,Active,0
LOAN000490,CUST00490,29,Self-employed,332536,Kano,741,Emergency,132189,22.82,12,13529.54,36329.39,95859.61,Active,20
LOAN000491,CUST00491,46,Unemployed,1306943,Kano,701,Emergency,1387191,5.37,18,81204.62,1367409.72,19781.280000000028,Defaulted,117
LOAN000492,CUST00492,29,Salaried,1060131,Kano,644,Education,1791398,13.22,12,169018.4,823876.76,967521.24,Delinquent,83
LOAN000493,CUST00493,42,Self-employed,401737,Ibadan,510,Business,768633,23.45,36,26357.71,575644.04,192988.95999999996,Active,10
LOAN000494,CUST00494,61,Salaried,277688,Ibadan,755,Business,1146205,22.19,36,38904.11,1375446.0,0.0,Closed,0
LOAN000495,CUST00495,23,Salaried,1319848,Ibadan,653,Business,1047970,23.03,36,35814.37,716508.35,331461.65,Active,0
LOAN000496,CUST00496,20,Salaried,1315578,Kano,404,Emergency,52517,22.94,24,2690.18,42670.84,9846.160000000003,Active,20
LOAN000497,CUST00497,45,Unemployed,531267,Abuja,568,Education,1061086,20.79,24,53403.57,717131.56,343954.43999999994,Active,0
LOAN000498,CUST00498,34,Self-employed,1050637,Abuja,616,Personal,1958587,22.18,18,132944.53,880412.27,1078174.73,Active,30
LOAN000499,CUST00499,59,Salaried,64919,Abuja,726,Education,297104,15.4,24,14285.75,356524.8,0.0,Closed,0
LOAN000500,CUST00500,54,Salaried,907410,Port Harcourt,718,Education,374594,13.52,36,11812.2,216757.43,157836.57,Active,30
LOAN000501,CUST00501,48,Salaried,1477333,Abuja,760,Education,477176,13.26,36,15012.49,558203.65,0.0,Closed,0
LOAN000502,CUST00502,65,Salaried,1222504,Abuja,572,Personal,582210,24.77,36,20178.43,447072.72,135137.28000000003,Active,30
LOAN000503,CUST00503,39,Salaried,531865,Kano,697,Personal,1516562,23.98,6,313372.26,1455091.18,61470.820000000065,Active,30
LOAN000504,CUST00504,27,Salaried,387092,Ibadan,726,Emergency,1383529,5.11,6,242371.22,1409204.48,0.0,Closed,0
LOAN000505,CUST00505,20,Salaried,234844,Ibadan,585,Emergency,515085,12.42,36,16084.96,548496.41,0.0,Closed,0
LOAN000506,CUST00506,21,Self-employed,1337579,Abuja,673,Emergency,650769,19.23,36,21553.11,745272.52,0.0,Closed,0
LOAN000507,CUST00507,36,Salaried,970591,Abuja,567,Personal,1833769,18.14,36,60178.19,2200522.8,0.0,Closed,0
LOAN000508,CUST00508,61,Salaried,1307273,Lagos,673,Education,1514755,9.63,12,138385.49,1817706.0,0.0,Closed,0
LOAN000509,CUST00509,60,Self-employed,551757,Ibadan,591,Emergency,380185,6.74,18,22544.97,210840.94,169344.06,Delinquent,53
LOAN000510,CUST00510,36,Salaried,1279099,Kano,700,Education,82225,19.74,6,16409.37,53766.58,28458.42,Defaulted,160
LOAN000511,CUST00511,54,Unemployed,778708,Lagos,581,Education,629878,9.53,12,57492.11,571205.27,58672.72999999998,Active,30
LOAN000512,CUST00512,50,Salaried,417074,Port Harcourt,850,Education,273273,16.17,36,8818.37,202958.11,70314.89000000001,Active,0
LOAN000513,CUST00513,39,Unemployed,978553,Ibadan,702,Emergency,1231050,14.67,12,117637.09,1477260.0,0.0,Closed,0
LOAN000514,CUST00514,61,Self-employed,1280664,Abuja,664,Education,1060764,7.33,6,189753.0,807666.82,253097.18000000005,Active,10
LOAN000515,CUST00515,43,Unemployed,914919,Port Harcourt,527,Personal,1133187,15.71,18,72845.04,1058459.43,74727.57000000007,Active,0
LOAN000516,CUST00516,29,Unemployed,1212978,Abuja,449,Emergency,1049409,11.28,12,97315.19,706028.77,343380.23,Delinquent,48
LOAN000517,CUST00517,57,Salaried,468731,Port Harcourt,727,Business,557629,22.45,12,56901.39,485007.27,72621.72999999998,Active,10
LOAN000518,CUST00518,48,Salaried,273743,Port Harcourt,838,Education,214600,18.52,24,10597.66,129842.46,84757.54,Active,0
LOAN000519,CUST00519,43,Self-employed,1082512,Abuja,474,Business,1897564,22.94,18,129603.62,725382.36,1172181.6400000001,Active,20
LOAN000520,CUST00520,43,Salaried,163556,Abuja,775,Emergency,937464,14.57,36,29834.79,766222.65,171241.34999999998,Active,20
LOAN000521,CUST00521,18,Self-employed,302430,Abuja,594,Emergency,1014837,11.31,6,188269.18,1217804.4,0.0,Closed,0
LOAN000522,CUST00522,29,Salaried,1268462,Kano,645,Education,808335,17.26,18,52658.53,867831.89,0.0,Closed,0
LOAN000523,CUST00523,44,Salaried,547316,Port Harcourt,756,Education,1335730,11.86,12,124512.3,932622.46,403107.54000000004,Active,10
LOAN000524,CUST00524,64,Salaried,890103,Port Harcourt,460,Business,427255,16.43,36,13818.14,404053.71,23201.28999999998,Active,0
LOAN000525,CUST00525,48,Salaried,1214632,Lagos,815,Business,848770,8.92,12,77040.02,1012550.45,0.0,Closed,0
LOAN000526,CUST00526,49,Salaried,933992,Port Harcourt,697,Education,1923323,21.99,36,65173.94,1081544.51,841778.49,Active,20
LOAN000527,CUST00527,48,Self-employed,1228889,Lagos,681,Emergency,150053,12.97,12,14126.24,134778.96,15274.040000000008,Active,20
LOAN000528,CUST00528,25,Salaried,751825,Port Harcourt,569,Business,805617,16.21,18,52011.53,471212.19,334404.81,Active,30
LOAN000529,CUST00529,65,Salaried,1259750,Ibadan,790,Personal,1411326,15.77,18,90771.78,1047674.96,363651.04000000004,Active,30
LOAN000530,CUST00530,39,Self-employed,849163,Ibadan,605,Emergency,1022558,17.63,12,100236.25,933677.31,88880.68999999994,Delinquent,71
LOAN000531,CUST00531,56,Salaried,199619,Ibadan,308,Education,770634,9.56,18,46905.92,756384.68,14249.319999999949,Active,20
LOAN000532,CUST00532,46,Self-employed,983019,Ibadan,441,Business,811611,19.96,36,27044.68,888413.51,0.0,Closed,0
LOAN000533,CUST00533,65,Self-employed,435637,Lagos,515,Business,312227,19.56,18,20738.81,200221.1,112005.9,Defaulted,179
LOAN000534,CUST00534,43,Salaried,400036,Kano,789,Personal,250390,6.28,24,11088.1,90539.91,159850.09,Active,0
LOAN000535,CUST00535,65,Salaried,267953,Port Harcourt,691,Emergency,375633,6.69,24,16698.45,229019.55,146613.45,Active,10
LOAN000536,CUST00536,38,Salaried,1363825,Ibadan,707,Emergency,1154658,21.77,6,234337.84,849740.33,304917.67000000004,Active,20
LOAN000537,CUST00537,58,Unemployed,1183687,Kano,496,Emergency,1200382,13.9,36,37978.75,927951.18,272430.81999999995,Active,30
LOAN000538,CUST00538,48,Self-employed,1147774,Kano,590,Business,1169426,11.19,18,72238.04,1226587.6,0.0,Closed,0
LOAN000539,CUST00539,51,Salaried,237808,Abuja,598,Education,817103,13.24,12,77107.29,231260.93,585842.0700000001,Active,0
LOAN000540,CUST00540,48,Salaried,651384,Port Harcourt,752,Personal,67442,18.76,24,3337.25,80930.4,0.0,Closed,0
LOAN000541,CUST00541,44,Self-employed,952688,Kano,608,Emergency,1302007,9.62,6,237876.68,840320.99,461686.01,Active,10
LOAN000542,CUST00542,34,Salaried,877855,Lagos,850,Emergency,1549333,19.74,24,77298.81,1012503.81,536829.19,Delinquent,45
LOAN000543,CUST00543,35,Salaried,1361397,Port Harcourt,701,Education,1653353,21.0,36,55571.03,1429456.99,223896.01,Delinquent,74
LOAN000544,CUST00544,25,Salaried,915922,Ibadan,678,Emergency,193579,8.65,18,11684.64,205016.62,0.0,Closed,0
LOAN000545,CUST00545,29,Self-employed,620706,Lagos,626,Education,1081790,8.76,6,196092.47,727273.74,354516.26,Active,0
LOAN000546,CUST00546,49,Salaried,614543,Abuja,645,Education,969426,19.54,12,96570.99,706245.86,263180.14,Active,0
LOAN000547,CUST00547,39,Salaried,931313,Lagos,656,Business,1726594,14.97,18,110281.4,1671841.74,54752.26000000001,Active,0
LOAN000548,CUST00548,42,Salaried,167520,Lagos,640,Personal,872968,6.43,24,38712.49,846597.4,26370.599999999977,Active,20
LOAN000549,CUST00549,51,Salaried,572111,Abuja,410,Emergency,978956,9.94,6,179377.37,757311.12,221644.88,Active,0
LOAN000550,CUST00550,58,Self-employed,866049,Lagos,691,Personal,704540,23.72,12,72638.07,722081.85,0.0,Closed,0
LOAN000551,CUST00551,60,Salaried,581235,Abuja,302,Personal,676656,8.97,6,122892.01,710084.86,0.0,Closed,0
LOAN000552,CUST00552,55,Self-employed,544856,Lagos,633,Emergency,730554,5.3,18,42737.41,876664.8,0.0,Closed,0
LOAN000553,CUST00553,62,Salaried,559795,Kano,525,Business,138066,16.62,24,6708.86,149450.21,0.0,Closed,0
LOAN000554,CUST00554,58,Self-employed,828879,Lagos,523,Personal,571608,8.15,6,103032.34,533785.94,37822.060000000056,Active,20
LOAN000555,CUST00555,38,Self-employed,795574,Kano,850,Education,1520791,15.73,6,293335.24,856006.58,664784.42,Active,10
LOAN000556,CUST00556,20,Self-employed,970060,Ibadan,676,Emergency,94780,18.78,18,6254.43,65663.14,29116.86,Delinquent,47
LOAN000557,CUST00557,29,Salaried,1222359,Kano,709,Education,1511794,14.8,36,48209.43,1528454.45,0.0,Closed,0
LOAN000558,CUST00558,28,Self-employed,728807,Lagos,693,Business,627397,22.35,36,21322.78,498859.46,128537.53999999998,Defaulted,160
LOAN000559,CUST00559,18,Salaried,992426,Kano,643,Emergency,602283,15.83,24,29067.68,722739.6,0.0,Closed,0
LOAN000560,CUST00560,60,Self-employed,439093,Kano,776,Emergency,1349677,22.14,36,45791.54,1093683.38,255993.6200000001,Active,0
LOAN000561,CUST00561,57,Salaried,448185,Port Harcourt,792,Education,1093436,20.31,12,109626.07,1182723.56,0.0,Closed,0
LOAN000562,CUST00562,29,Self-employed,909422,Lagos,512,Business,281660,6.93,6,50196.51,265216.43,16443.570000000007,Active,10
LOAN000563,CUST00563,60,Salaried,274510,Ibadan,512,Education,257101,5.64,24,11316.73,308521.2,0.0,Closed,0
LOAN000564,CUST00564,59,Salaried,152940,Ibadan,559,Personal,1320776,19.36,6,262746.37,1110496.1,210279.8999999999,Defaulted,116
LOAN000565,CUST00565,63,Self-employed,1031591,Lagos,689,Education,177297,12.22,24,8290.11,129561.29,47735.71000000001,Delinquent,81
LOAN000566,CUST00566,24,Salaried,1159437,Lagos,700,Business,197614,21.69,6,40079.41,167261.91,30352.089999999997,Defaulted,156
LOAN000567,CUST00567,54,Salaried,1164974,Abuja,704,Emergency,455000,15.52,12,43801.33,546000.0,0.0,Closed,0
LOAN000568,CUST00568,24,Self-employed,271279,Abuja,765,Business,1259141,12.16,24,58843.86,852127.46,407013.54000000004,Delinquent,58
LOAN000569,CUST00569,56,Salaried,1203361,Ibadan,502,Education,757815,18.15,36,24871.07,838780.82,0.0,Closed,0
LOAN000570,CUST00570,64,Salaried,710927,Port Harcourt,734,Business,730849,21.9,24,37121.04,679119.52,51729.47999999998,Delinquent,58
LOAN000571,CUST00571,46,Salaried,1231000,Ibadan,815,Personal,836564,20.31,18,55915.01,552743.73,283820.27,Active,30
LOAN000572,CUST00572,18,Unemployed,122693,Port Harcourt,665,Business,1299405,5.33,12,114055.27,916058.86,383346.14,Defaulted,128
LOAN000573,CUST00573,53,Self-employed,500516,Kano,651,Business,95511,20.43,18,6390.22,66674.17,28836.83,Defaulted,155
LOAN000574,CUST00574,32,Salaried,247734,Port Harcourt,477,Education,795864,8.12,18,47804.9,335152.24,460711.76,Active,10
LOAN000575,CUST00575,64,Salaried,242739,Port Harcourt,548,Emergency,1243415,23.36,6,255646.12,1492098.0,0.0,Closed,0
LOAN000576,CUST00576,56,Salaried,412602,Port Harcourt,391,Personal,1935390,18.79,36,63862.49,875923.25,1059466.75,Delinquent,37
LOAN000577,CUST00577,44,Salaried,1258554,Lagos,491,Business,1686034,6.12,18,99401.07,941332.13,744701.87,Active,30
LOAN000578,CUST00578,21,Self-employed,1418977,Port Harcourt,771,Personal,1997526,5.23,24,87583.19,2397031.2,0.0,Closed,0
LOAN000579,CUST00579,46,Salaried,719655,Kano,850,Personal,363692,11.54,12,33805.17,197686.57,166005.43,Active,30
LOAN000580,CUST00580,39,Salaried,515747,Lagos,611,Emergency,1699133,12.89,12,159845.94,1774794.79,0.0,Closed,0
LOAN000581,CUST00581,62,Self-employed,1248397,Abuja,850,Business,1199558,12.98,6,225876.77,213.86,1199344.14,Active,30
LOAN000582,CUST00582,33,Salaried,1058567,Lagos,452,Education,1073118,12.91,36,33657.15,357485.93,715632.0700000001,Active,10
LOAN000583,CUST00583,60,Salaried,951913,Ibadan,850,Emergency,1988058,16.52,6,386080.86,2100922.3,0.0,Closed,0
LOAN000584,CUST00584,37,Salaried,816021,Abuja,717,Education,722637,11.89,6,134759.76,842075.78,0.0,Closed,0
LOAN000585,CUST00585,30,Self-employed,1342309,Port Harcourt,752,Business,1733585,13.84,12,164459.43,1609505.91,124079.09000000008,Active,10
LOAN000586,CUST00586,18,Salaried,229965,Port Harcourt,683,Personal,164374,9.86,36,5016.15,160704.94,3669.0599999999977,Defaulted,126
LOAN000587,CUST00587,53,Salaried,689878,Ibadan,642,Business,97706,11.64,36,3029.97,76333.82,21372.179999999993,Active,20
LOAN000588,CUST00588,21,Salaried,1451444,Port Harcourt,616,Business,1272649,23.12,36,43524.6,666627.07,606021.93,Active,10
LOAN000589,CUST00589,60,Salaried,1345966,Port Harcourt,638,Personal,1025093,18.1,6,201772.47,248188.3,776904.7,Active,20
LOAN000590,CUST00590,63,Salaried,90010,Lagos,517,Education,1902628,17.99,12,187075.9,862694.66,1039933.34,Defaulted,155
LOAN000591,CUST00591,53,Self-employed,1066410,Lagos,817,Personal,1164763,6.76,12,103625.08,936432.47,228330.53000000003,Active,30
LOAN000592,CUST00592,65,Unemployed,568818,Abuja,461,Personal,689479,11.67,24,32080.88,707057.25,0.0,Closed,0
LOAN000593,CUST00593,35,Self-employed,777250,Lagos,762,Education,795281,17.5,12,77871.26,360351.01,434929.99,Defaulted,154
LOAN000594,CUST00594,27,Self-employed,861955,Port Harcourt,623,Emergency,1758882,24.81,36,60979.46,800737.68,958144.32,Defaulted,118
LOAN000595,CUST00595,32,Salaried,1427685,Ibadan,533,Business,1580689,12.64,36,49458.0,1446355.14,134333.8600000001,Delinquent,74
LOAN000596,CUST00596,31,Salaried,1251455,Abuja,489,Business,705114,23.19,18,48257.22,551126.02,153987.97999999998,Active,10
LOAN000597,CUST00597,59,Salaried,339636,Kano,688,Business,1528778,22.97,12,156661.53,870776.21,658001.79,Active,10
LOAN000598,CUST00598,64,Salaried,715837,Lagos,702,Education,1167701,23.97,6,241266.49,317733.64,849967.36,Active,10
LOAN000599,CUST00599,24,Unemployed,918305,Abuja,716,Business,686167,13.86,18,43403.87,510582.81,175584.19,Active,10
LOAN000600,CUST00600,56,Self-employed,104941,Abuja,813,Business,1333418,17.34,36,43462.02,1089634.84,243783.15999999992,Active,10
LOAN000601,CUST00601,63,Salaried,1491535,Port Harcourt,598,Business,216672,18.76,24,10721.65,170643.79,46028.20999999999,Active,30
LOAN000602,CUST00602,35,Salaried,862563,Ibadan,715,Business,338385,8.28,12,30533.61,266203.84,72181.15999999997,Active,0
LOAN000603,CUST00603,57,Unemployed,1457900,Ibadan,654,Education,1639172,9.09,12,149014.39,1253406.02,385765.98,Defaulted,146
LOAN000604,CUST00604,64,Self-employed,1009541,Port Harcourt,570,Emergency,946649,13.1,6,178443.34,510624.83,436024.17,Active,30
LOAN000605,CUST00605,51,Unemployed,1332418,Lagos,850,Emergency,1249433,16.88,36,40564.92,411336.36,838096.64,Active,0
LOAN000606,CUST00606,65,Self-employed,1008189,Lagos,566,Emergency,138952,22.56,12,14191.63,52362.81,86589.19,Active,30
LOAN000607,CUST00607,36,Self-employed,1132396,Ibadan,757,Business,153380,8.8,24,6953.23,81978.21,71401.79,Active,20
LOAN000608,CUST00608,59,Salaried,935967,Ibadan,799,Personal,1977351,6.09,36,58271.44,1308047.54,669303.46,Defaulted,149
LOAN000609,CUST00609,38,Salaried,1099955,Ibadan,683,Personal,1683117,16.71,36,54565.72,922268.69,760848.31,Active,30
LOAN000610,CUST00610,34,Salaried,425135,Port Harcourt,850,Business,1930343,19.25,12,191827.84,964005.35,966337.65,Delinquent,36
LOAN000611,CUST00611,64,Salaried,309091,Kano,687,Business,1531064,13.99,18,96958.88,602811.24,928252.76,Active,30
LOAN000612,CUST00612,28,Salaried,844146,Abuja,699,Business,142077,20.37,18,9501.0,133571.29,8505.709999999992,Active,10
LOAN000613,CUST00613,25,Salaried,157605,Abuja,634,Business,699106,19.6,24,34838.78,485468.79,213637.21000000002,Active,10
LOAN000614,CUST00614,18,Self-employed,57409,Kano,632,Emergency,580812,5.24,24,25468.61,443242.87,137569.13,Delinquent,65
LOAN000615,CUST00615,46,Salaried,548867,Lagos,850,Personal,1433010,14.51,24,68372.49,1489132.02,0.0,Closed,0
LOAN000616,CUST00616,21,Self-employed,563200,Abuja,485,Business,633245,17.4,36,20650.82,369025.08,264219.92,Delinquent,44
LOAN000617,CUST00617,39,Self-employed,165477,Lagos,850,Personal,127009,7.91,6,22842.57,91892.97,35116.03,Active,20
LOAN000618,CUST00618,47,Salaried,278353,Kano,846,Education,423813,8.23,18,25482.93,215677.43,208135.57,Active,10
LOAN000619,CUST00619,22,Salaried,125162,Ibadan,583,Personal,677666,11.46,24,31471.94,813199.2,0.0,Closed,0
LOAN000620,CUST00620,51,Salaried,664114,Abuja,845,Business,305901,18.89,18,20204.76,281641.5,24259.5,Active,30
LOAN000621,CUST00621,64,Salaried,1333569,Kano,625,Education,1248243,19.59,36,41465.94,794209.19,454033.81000000006,Defaulted,151
LOAN000622,CUST00622,26,Self-employed,945596,Kano,528,Emergency,713724,10.19,36,21845.9,410745.11,302978.89,Defaulted,135
LOAN000623,CUST00623,63,Self-employed,1139902,Port Harcourt,503,Business,1093838,14.85,12,104689.41,607317.16,486520.83999999997,Delinquent,45
LOAN000624,CUST00624,57,Salaried,53315,Ibadan,557,Emergency,1024935,17.51,6,200733.52,779181.25,245753.75,Delinquent,44
LOAN000625,CUST00625,62,Salaried,145404,Port Harcourt,463,Education,1225276,21.12,12,123671.19,1004892.68,220383.31999999995,Active,10
LOAN000626,CUST00626,39,Salaried,192262,Ibadan,750,Personal,1112605,16.0,6,215103.63,944895.45,167709.55000000005,Active,20
LOAN000627,CUST00627,59,Salaried,418320,Abuja,694,Emergency,1798658,11.76,24,83757.51,273178.93,1525479.07,Defaulted,94
LOAN000628,CUST00628,47,Self-employed,375868,Ibadan,504,Personal,1920781,22.3,18,130506.4,2148010.73,0.0,Closed,0
LOAN000629,CUST00629,52,Salaried,1142769,Lagos,700,Business,1570360,18.56,36,51717.19,1884432.0,0.0,Closed,0
LOAN000630,CUST00630,35,Self-employed,1260890,Lagos,643,Education,1726747,23.32,18,118301.36,929847.12,796899.88,Active,10
LOAN000631,CUST00631,37,Self-employed,836936,Port Harcourt,659,Personal,1816652,8.32,36,54661.04,1666774.71,149877.29000000004,Active,0
LOAN000632,CUST00632,31,Salaried,619371,Kano,539,Education,1092398,22.54,18,74368.03,995859.29,96538.70999999996,Active,20
LOAN000633,CUST00633,50,Salaried,417028,Lagos,480,Emergency,1696146,5.75,12,149472.87,1358287.71,337858.29000000004,Defaulted,146
LOAN000634,CUST00634,27,Salaried,1098689,Lagos,541,Business,763274,23.47,36,26178.18,546986.71,216287.29000000004,Active,20
LOAN000635,CUST00635,20,Self-employed,480308,Kano,798,Personal,1013365,12.75,36,31738.03,536415.66,476949.33999999997,Active,20
LOAN000636,CUST00636,19,Salaried,748959,Kano,723,Education,146762,7.06,18,8729.08,158120.36,0.0,Closed,0
LOAN000637,CUST00637,46,Self-employed,1389767,Lagos,612,Education,722934,9.01,18,43781.69,305299.49,417634.51,Active,20
LOAN000638,CUST00638,53,Salaried,363148,Kano,667,Personal,290040,5.31,36,8484.48,323084.06,0.0,Closed,0
LOAN000639,CUST00639,63,Salaried,483224,Port Harcourt,697,Business,1202103,11.37,12,111565.18,1442523.6,0.0,Closed,0
LOAN000640,CUST00640,19,Salaried,409189,Ibadan,612,Personal,1336105,22.84,36,45590.87,1079058.09,257046.90999999992,Active,10
LOAN000641,CUST00641,55,Salaried,272144,Ibadan,631,Education,230605,13.53,12,21817.15,182192.31,48412.69,Delinquent,88
LOAN000642,CUST00642,54,Salaried,705235,Abuja,764,Personal,465544,19.26,36,15422.44,448054.72,17489.280000000028,Active,30
LOAN000643,CUST00643,27,Salaried,1032045,Kano,490,Education,700938,18.69,24,34664.3,360424.54,340513.46,Active,10
LOAN000644,CUST00644,38,Salaried,812208,Ibadan,710,Emergency,1517198,23.35,18,103970.21,302132.36,1215065.6400000001,Delinquent,87
LOAN000645,CUST00645,40,Salaried,113468,Kano,391,Business,286741,12.03,24,13384.83,120141.62,166599.38,Delinquent,49
LOAN000646,CUST00646,37,Salaried,1115247,Kano,850,Emergency,1764532,19.29,6,350818.37,1529096.81,235435.18999999994,Active,0
LOAN000647,CUST00647,42,Salaried,890573,Lagos,750,Education,550328,17.42,36,17949.86,411743.7,138584.3,Active,30
LOAN000648,CUST00648,52,Self-employed,486707,Abuja,638,Business,1289354,13.62,24,61040.17,998667.6,290686.4,Active,20
LOAN000649,CUST00649,49,Self-employed,1439598,Lagos,615,Emergency,1600565,23.62,36,54961.62,1641736.25,0.0,Closed,0
LOAN000650,CUST00650,56,Salaried,732367,Lagos,688,Emergency,1773907,13.9,18,112248.89,1472728.98,301178.02,Defaulted,98
LOAN000651,CUST00651,55,Salaried,736624,Lagos,769,Business,1434465,6.23,12,126986.01,788343.04,646121.96,Delinquent,87
LOAN000652,CUST00652,31,Salaried,1435968,Port Harcourt,559,Education,1164124,10.83,36,35838.85,811990.54,352133.45999999996,Active,10
LOAN000653,CUST00653,40,Self-employed,1245956,Lagos,542,Personal,1475138,11.09,24,68280.45,1343781.32,131356.67999999993,Delinquent,89
LOAN000654,CUST00654,18,Unemployed,1332389,Kano,648,Education,897663,21.95,18,60816.67,680836.4,216826.59999999998,Active,0
LOAN000655,CUST00655,62,Self-employed,280054,Kano,706,Emergency,1865461,5.62,24,82095.83,2006804.5,0.0,Closed,0
LOAN000656,CUST00656,48,Salaried,1361169,Abuja,748,Business,852768,13.12,24,40193.8,633173.34,219594.66000000003,Active,10
LOAN000657,CUST00657,27,Salaried,1214803,Port Harcourt,716,Business,1988779,12.21,24,92983.7,2321028.92,0.0,Closed,0
LOAN000658,CUST00658,23,Salaried,331600,Abuja,492,Emergency,1409770,5.31,24,61859.53,1061705.94,348064.06000000006,Active,10
LOAN000659,CUST00659,50,Self-employed,1006361,Ibadan,613,Emergency,1508339,17.09,24,73588.09,649288.51,859050.49,Active,30
LOAN000660,CUST00660,63,Salaried,856805,Kano,627,Education,439632,13.5,6,83163.72,249335.68,190296.32,Active,10
LOAN000661,CUST00661,25,Unemployed,911589,Kano,713,Emergency,1258698,12.34,6,235670.22,965415.04,293282.95999999996,Active,20
LOAN000662,CUST00662,51,Salaried,1498077,Kano,708,Personal,1581309,19.63,18,105095.55,1152537.64,428771.3600000001,Active,0
LOAN000663,CUST00663,57,Salaried,564287,Lagos,412,Education,1605428,18.27,6,316456.62,1235123.71,370304.29000000004,Active,20
LOAN000664,CUST00664,44,Self-employed,1172046,Port Harcourt,632,Education,1033289,14.08,24,49115.67,483785.27,549503.73,Active,20
LOAN000665,CUST00665,34,Salaried,656514,Lagos,721,Emergency,1507627,23.46,18,103406.46,583589.71,924037.29,Delinquent,67
LOAN000666,CUST00666,65,Salaried,1262449,Kano,796,Personal,158254,18.13,18,10385.86,189904.8,0.0,Closed,0
LOAN000667,CUST00667,35,Salaried,651496,Port Harcourt,828,Personal,315963,15.11,18,20205.83,216740.24,99222.76000000001,Active,20
LOAN000668,CUST00668,29,Self-employed,283936,Port Harcourt,609,Business,1958684,16.84,12,190710.53,1556370.77,402313.23,Active,20
LOAN000669,CUST00669,56,Salaried,1066947,Abuja,613,Emergency,1156014,22.24,18,78506.2,654279.88,501734.12,Defaulted,108
LOAN000670,CUST00670,21,Self-employed,916014,Port Harcourt,670,Personal,549011,18.21,12,54082.16,347824.25,201186.75,Active,20
LOAN000671,CUST00671,52,Salaried,160149,Abuja,650,Emergency,886228,14.52,24,42287.85,707362.55,178865.44999999995,Delinquent,79
LOAN000672,CUST00672,36,Self-employed,1483424,Ibadan,792,Emergency,1045286,10.25,36,32011.88,920982.11,124303.89000000001,Delinquent,31
LOAN000673,CUST00673,24,Salaried,1472903,Kano,471,Education,1162022,18.66,6,229809.22,1202537.34,0.0,Closed,0
LOAN000674,CUST00674,34,Self-employed,955520,Kano,762,Emergency,1417481,22.17,18,96207.59,0.0,1417481.0,Active,0
LOAN000675,CUST00675,39,Self-employed,1017014,Abuja,623,Education,1620957,9.84,36,49457.2,551022.27,1069934.73,Delinquent,64
LOAN000676,CUST00676,61,Salaried,1198426,Ibadan,433,Education,67775,21.63,6,13739.12,27039.93,40735.07,Active,0
LOAN000677,CUST00677,56,Self-employed,510149,Abuja,741,Personal,578264,8.86,6,104916.37,527630.52,50633.47999999998,Active,0
LOAN000678,CUST00678,25,Salaried,301610,Abuja,339,Education,1318118,7.6,36,39397.08,760615.88,557502.12,Delinquent,42
LOAN000679,CUST00679,60,Salaried,667755,Port Harcourt,697,Education,208784,17.78,18,13661.43,122373.87,86410.13,Delinquent,75
LOAN000680,CUST00680,34,Self-employed,389667,Port Harcourt,672,Business,631513,20.54,24,31717.74,193449.19,438063.81,Active,0
LOAN000681,CUST00681,24,Salaried,973952,Abuja,719,Emergency,1997386,9.01,24,90722.94,1488865.6,508520.3999999999,Active,30
LOAN000682,CUST00682,22,Self-employed,507989,Kano,533,Education,272821,23.25,18,18680.66,214402.96,58418.04000000001,Active,0
LOAN000683,CUST00683,20,Salaried,985082,Ibadan,630,Education,1093755,7.98,6,196839.44,1212943.07,0.0,Closed,0
LOAN000684,CUST00684,48,Self-employed,367943,Ibadan,538,Emergency,1947120,12.83,6,366155.92,1444390.44,502729.56000000006,Active,30
LOAN000685,CUST00685,39,Salaried,197009,Port Harcourt,543,Emergency,56936,12.69,24,2673.38,35130.38,21805.620000000003,Active,20
LOAN000686,CUST00686,23,Self-employed,165751,Ibadan,850,Education,1407013,6.81,36,41745.29,982258.54,424754.45999999996,Delinquent,52
LOAN000687,CUST00687,62,Salaried,1408519,Ibadan,456,Personal,1212819,5.79,24,53460.05,410453.92,802365.0800000001,Active,20
LOAN000688,CUST00688,65,Self-employed,1372499,Abuja,624,Business,1070271,6.7,24,47582.46,1275068.53,0.0,Closed,0
LOAN000689,CUST00689,52,Salaried,124864,Port Harcourt,774,Emergency,1559402,24.93,12,162346.74,856545.49,702856.51,Active,0
LOAN000690,CUST00690,39,Unemployed,1169753,Lagos,850,Emergency,1752422,13.99,6,332930.97,995928.3,756493.7,Active,0
LOAN000691,CUST00691,27,Salaried,297856,Kano,591,Business,1421222,18.35,24,70084.01,1354961.45,66260.55000000005,Defaulted,158
LOAN000692,CUST00692,48,Salaried,201065,Kano,577,Personal,346936,14.78,6,66368.86,416323.2,0.0,Closed,0
LOAN000693,CUST00693,47,Self-employed,558942,Kano,685,Business,323757,5.29,6,56813.96,314895.32,8861.679999999993,Defaulted,102
LOAN000694,CUST00694,56,Salaried,1289505,Kano,837,Business,1764359,7.13,24,78756.57,2012290.94,0.0,Closed,0
LOAN000695,CUST00695,38,Self-employed,182351,Abuja,559,Personal,943830,11.75,24,43947.08,716934.44,226895.56000000006,Active,10
LOAN000696,CUST00696,62,Salaried,1293789,Port Harcourt,568,Business,182585,7.41,12,16342.88,162133.95,20451.04999999999,Delinquent,41
LOAN000697,CUST00697,58,Salaried,969939,Kano,666,Emergency,1270512,5.81,6,224054.79,1524614.4,0.0,Closed,0
LOAN000698,CUST00698,63,Salaried,380833,Kano,672,Education,1071244,6.61,6,190342.2,686028.44,385215.56000000006,Active,0
LOAN000699,CUST00699,51,Self-employed,922881,Ibadan,533,Emergency,1711449,20.45,12,171786.69,591925.37,1119523.63,Active,20
LOAN000700,CUST00700,29,Unemployed,551751,Ibadan,571,Personal,1330390,18.83,36,43913.96,1476898.1,0.0,Closed,0
LOAN000701,CUST00701,25,Self-employed,1365316,Kano,714,Personal,681661,11.96,6,127197.94,297154.23,384506.77,Active,10
LOAN000702,CUST00702,32,Salaried,1347971,Ibadan,736,Business,1646201,24.74,36,57040.86,1820222.96,0.0,Closed,0
LOAN000703,CUST00703,49,Salaried,629708,Abuja,559,Business,286305,20.93,24,14426.19,300280.78,0.0,Closed,0
LOAN000704,CUST00704,39,Unemployed,1455390,Kano,830,Emergency,163304,17.9,18,10696.41,52821.79,110482.20999999999,Active,20
LOAN000705,CUST00705,49,Salaried,140843,Kano,619,Personal,160009,23.5,12,16467.59,104517.25,55491.75,Active,0
LOAN000706,CUST00706,38,Self-employed,198603,Ibadan,716,Business,1562891,13.9,36,49448.13,1794915.05,0.0,Closed,0
LOAN000707,CUST00707,65,Self-employed,1469462,Ibadan,850,Business,532477,20.58,18,35670.04,472182.68,60294.32000000001,Active,10
LOAN000708,CUST00708,27,Self-employed,837548,Abuja,761,Emergency,204202,14.42,24,9735.33,113729.19,90472.81,Active,30
LOAN000709,CUST00709,30,Salaried,423420,Port Harcourt,682,Business,336061,14.15,12,31967.8,257793.72,78267.28,Active,20
LOAN000710,CUST00710,47,Self-employed,117307,Ibadan,710,Emergency,175098,10.61,6,32279.32,210117.6,0.0,Closed,0
LOAN000711,CUST00711,54,Self-employed,409035,Kano,778,Business,511066,22.73,36,17423.09,465830.95,45235.04999999999,Active,10
LOAN000712,CUST00712,35,Salaried,231349,Lagos,549,Emergency,1144228,14.78,12,109445.41,732894.26,411333.74,Active,30
LOAN000713,CUST00713,18,Salaried,567271,Ibadan,414,Personal,960685,16.59,36,31112.85,419393.99,541291.01,Defaulted,163
LOAN000714,CUST00714,45,Unemployed,134009,Kano,517,Emergency,1588211,20.37,6,318621.6,1905853.2,0.0,Closed,0
LOAN000715,CUST00715,53,Self-employed,1055100,Lagos,616,Emergency,1510988,21.43,24,76449.7,1032947.53,478040.47,Active,0
LOAN000716,CUST00716,28,Salaried,507192,Ibadan,747,Personal,670317,9.78,6,122645.67,564555.73,105761.27000000002,Active,20
LOAN000717,CUST00717,29,Salaried,1003870,Port Harcourt,580,Emergency,340715,22.48,24,17387.82,343489.12,0.0,Closed,0
LOAN000718,CUST00718,45,Salaried,1378340,Port Harcourt,683,Business,1365553,6.41,18,80726.94,955700.68,409852.31999999995,Active,20
LOAN000719,CUST00719,21,Salaried,1485846,Lagos,842,Emergency,1897270,11.71,6,353240.05,1281402.24,615867.76,Active,20
LOAN000720,CUST00720,53,Salaried,816699,Abuja,738,Business,135719,12.31,12,12702.17,121779.64,13939.36,Active,0
LOAN000721,CUST00721,31,Salaried,752398,Abuja,790,Education,288147,17.98,36,9443.22,273412.42,14734.580000000016,Delinquent,75
LOAN000722,CUST00722,40,Self-employed,789689,Ibadan,494,Emergency,1106054,18.6,18,72876.67,889606.39,216447.61,Active,20
LOAN000723,CUST00723,46,Salaried,1101617,Kano,571,Education,307340,14.4,36,9766.58,267357.03,39982.96999999997,Active,20
LOAN000724,CUST00724,23,Unemployed,1462026,Lagos,720,Emergency,1746167,24.56,6,362504.27,1032709.35,713457.65,Active,30
LOAN000725,CUST00725,25,Salaried,424995,Abuja,652,Emergency,211370,7.19,18,12587.08,237048.27,0.0,Closed,0
LOAN000726,CUST00726,48,Self-employed,365617,Port Harcourt,850,Emergency,1141961,24.04,6,236081.4,962273.33,179687.67000000004,Active,10
LOAN000727,CUST00727,51,Self-employed,980841,Port Harcourt,850,Emergency,95051,10.83,6,17557.5,78153.4,16897.600000000006,Active,10
LOAN000728,CUST00728,47,Salaried,1263631,Port Harcourt,438,Business,1404867,20.74,24,70676.52,1291990.0,112877.0,Active,30
LOAN000729,CUST00729,27,Salaried,692766,Port Harcourt,695,Education,595275,9.54,18,36225.79,580989.88,14285.119999999995,Defaulted,96
LOAN000730,CUST00730,36,Unemployed,1006147,Abuja,730,Business,1347361,23.48,36,46214.48,1531849.52,0.0,Closed,0
LOAN000731,CUST00731,26,Self-employed,1447449,Ibadan,503,Education,388175,9.76,6,71010.15,275007.7,113167.29999999999,Defaulted,163
LOAN000732,CUST00732,41,Salaried,825258,Ibadan,547,Business,1229621,19.14,18,81387.25,845109.93,384511.06999999995,Defaulted,108
LOAN000733,CUST00733,38,Salaried,1169130,Abuja,720,Personal,1980289,5.5,24,87050.2,1140335.49,839953.51,Delinquent,60
LOAN000734,CUST00734,48,Unemployed,1195350,Port Harcourt,697,Business,744745,17.94,18,48797.35,893694.0,0.0,Closed,0
LOAN000735,CUST00735,20,Self-employed,1235376,Abuja,703,Personal,1984186,13.84,6,376466.22,776283.17,1207902.83,Delinquent,88
LOAN000736,CUST00736,40,Salaried,696095,Lagos,576,Education,1345037,21.82,24,68271.84,1491631.84,0.0,Closed,0
LOAN000737,CUST00737,35,Self-employed,165413,Abuja,651,Personal,459258,16.67,12,44651.36,325978.96,133279.03999999998,Delinquent,80
LOAN000738,CUST00738,30,Salaried,225299,Ibadan,727,Education,984193,18.54,6,194443.73,506397.32,477795.68,Defaulted,140
LOAN000739,CUST00739,41,Self-employed,1314943,Ibadan,700,Education,167540,23.17,18,11464.39,119575.9,47964.100000000006,Active,30
LOAN000740,CUST00740,31,Salaried,75565,Ibadan,597,Emergency,786844,11.16,24,36443.99,380637.63,406206.37,Delinquent,36
LOAN000741,CUST00741,26,Salaried,977998,Kano,605,Personal,1739618,19.56,24,86661.97,1681713.78,57904.21999999997,Delinquent,57
LOAN000742,CUST00742,39,Salaried,351233,Lagos,602,Emergency,1045335,24.77,36,36229.57,1254402.0,0.0,Closed,0
LOAN000743,CUST00743,63,Salaried,235489,Kano,761,Business,1389673,23.29,24,71388.66,1135926.24,253746.76,Active,30
LOAN000744,CUST00744,55,Salaried,467873,Port Harcourt,438,Emergency,850628,10.79,24,39267.12,276020.52,574607.48,Active,20
LOAN000745,CUST00745,58,Self-employed,1222897,Ibadan,801,Personal,520853,5.54,6,91618.04,152246.95,368606.05,Active,20
LOAN000746,CUST00746,33,Self-employed,1421145,Lagos,850,Personal,653327,13.34,24,30853.37,381832.1,271494.9,Defaulted,172
LOAN000747,CUST00747,34,Salaried,631366,Ibadan,672,Personal,189932,16.98,18,12343.47,110298.4,79633.6,Active,30
LOAN000748,CUST00748,28,Salaried,832661,Kano,850,Personal,1256415,5.35,18,73535.18,1507698.0,0.0,Closed,0
LOAN000749,CUST00749,28,Salaried,356471,Lagos,795,Education,1891964,18.87,18,124943.2,2270356.8,0.0,Closed,0
LOAN000750,CUST00750,36,Salaried,807414,Port Harcourt,721,Personal,1962822,24.1,6,405977.02,2075132.24,0.0,Closed,0
LOAN000751,CUST00751,52,Salaried,1127656,Port Harcourt,583,Education,1367074,8.66,6,247577.1,1344528.66,22545.340000000084,Active,10
LOAN000752,CUST00752,27,Self-employed,1486480,Lagos,649,Business,619290,18.71,18,40842.18,312456.78,306833.22,Active,20
LOAN000753,CUST00753,24,Salaried,1136682,Abuja,595,Business,1683278,14.7,18,107262.21,1176518.09,506759.9099999999,Defaulted,110
LOAN000754,CUST00754,44,Salaried,1105670,Ibadan,764,Personal,445138,20.9,36,14949.22,426850.05,18287.95000000001,Active,0
LOAN000755,CUST00755,26,Self-employed,294455,Ibadan,827,Education,1986530,5.35,18,116267.19,1542584.38,443945.6200000001,Active,20
LOAN000756,CUST00756,62,Self-employed,411144,Abuja,626,Education,110313,19.89,6,22042.38,44951.8,65361.2,Active,10
LOAN000757,CUST00757,45,Salaried,312865,Lagos,426,Business,214846,13.5,6,40641.7,114932.58,99913.42,Active,30
LOAN000758,CUST00758,20,Salaried,276109,Lagos,635,Education,1433677,15.27,6,275433.25,1039696.53,393980.47,Active,20
LOAN000759,CUST00759,31,Salaried,1450030,Kano,725,Business,252382,20.65,36,8458.3,302858.4,0.0,Closed,0
LOAN000760,CUST00760,40,Self-employed,437515,Abuja,850,Business,111360,6.82,18,6608.6,49303.97,62056.03,Defaulted,134
LOAN000761,CUST00761,51,Salaried,1108871,Abuja,719,Business,257839,21.39,6,52165.13,287828.28,0.0,Closed,0
LOAN000762,CUST00762,63,Salaried,641096,Ibadan,534,Education,1631290,15.74,6,314675.84,1112629.13,518660.8700000001,Defaulted,154
LOAN000763,CUST00763,45,Salaried,1286020,Abuja,780,Business,1462485,24.15,12,151306.26,933559.7,528925.3,Delinquent,55
LOAN000764,CUST00764,51,Salaried,904752,Abuja,835,Emergency,709093,7.47,6,127010.37,850911.6,0.0,Closed,0
LOAN000765,CUST00765,42,Self-employed,807597,Port Harcourt,515,Emergency,1218390,19.44,6,242540.84,735109.73,483280.27,Active,0
LOAN000766,CUST00766,36,Self-employed,1309108,Ibadan,437,Business,1490841,24.52,24,77349.8,1181142.45,309698.55000000005,Active,30
LOAN000767,CUST00767,61,Self-employed,195980,Lagos,632,Emergency,1732831,14.51,18,110236.93,1467621.76,265209.24,Active,30
LOAN000768,CUST00768,65,Salaried,968674,Abuja,458,Personal,1468762,6.7,12,130597.42,896222.49,572539.51,Active,0
LOAN000769,CUST00769,64,Unemployed,812755,Ibadan,586,Education,760162,9.01,24,34527.19,687247.29,72914.70999999996,Active,30
LOAN000770,CUST00770,49,Salaried,1270371,Kano,305,Education,1636082,20.79,24,82342.64,652837.54,983244.46,Active,30
LOAN000771,CUST00771,19,Self-employed,359065,Lagos,850,Personal,276569,7.44,24,12381.07,205143.82,71425.18,Active,10
LOAN000772,CUST00772,56,Salaried,193085,Port Harcourt,595,Business,106096,24.44,24,5501.08,127315.2,0.0,Closed,0
LOAN000773,CUST00773,47,Self-employed,684918,Abuja,706,Education,252026,20.2,36,8414.87,143487.57,108538.43,Delinquent,81
LOAN000774,CUST00774,52,Salaried,1438510,Lagos,686,Personal,1108631,10.23,18,67891.33,499420.94,609210.06,Delinquent,65
LOAN000775,CUST00775,47,Self-employed,952627,Lagos,797,Personal,299842,12.67,18,18768.44,293792.41,6049.590000000026,Delinquent,59
LOAN000776,CUST00776,37,Salaried,420921,Ibadan,625,Emergency,1854307,20.59,12,186342.4,1335015.33,519291.6699999999,Active,10
LOAN000777,CUST00777,53,Salaried,279390,Abuja,550,Personal,1078765,18.2,36,35419.45,524932.68,553832.32,Active,30
LOAN000778,CUST00778,38,Salaried,870793,Lagos,694,Personal,1289511,24.42,36,44566.93,879519.14,409991.86,Active,20
LOAN000779,CUST00779,19,Salaried,1288291,Port Harcourt,553,Emergency,1805178,12.33,36,56326.57,1848638.36,0.0,Closed,0
LOAN000780,CUST00780,60,Salaried,254157,Abuja,617,Business,799450,13.24,6,150882.86,957586.46,0.0,Closed,0
LOAN000781,CUST00781,39,Self-employed,542038,Abuja,560,Personal,1292628,6.7,6,229872.35,961185.01,331442.99,Delinquent,38
LOAN000782,CUST00782,35,Salaried,1179141,Lagos,756,Emergency,1016597,18.16,24,50050.46,23105.14,993491.86,Active,30
LOAN000783,CUST00783,49,Salaried,1283102,Lagos,616,Business,713778,12.55,24,33473.21,693116.39,20661.609999999986,Active,0
LOAN000784,CUST00784,41,Salaried,754574,Ibadan,711,Business,1751749,20.3,18,117075.22,1349017.03,402731.97,Active,20
LOAN000785,CUST00785,21,Self-employed,1092183,Port Harcourt,586,Emergency,1700772,6.51,36,50319.23,478318.73,1222453.27,Active,20
LOAN000786,CUST00786,35,Self-employed,523717,Lagos,499,Emergency,242849,19.35,36,8051.12,240002.66,2846.3399999999965,Active,20
LOAN000787,CUST00787,45,Salaried,945705,Kano,487,Education,1718602,6.53,18,101712.6,1440304.27,278297.73,Active,20
LOAN000788,CUST00788,19,Salaried,469591,Kano,645,Business,576940,17.5,24,28246.02,513435.63,63504.369999999995,Active,10
LOAN000789,CUST00789,54,Salaried,1259728,Lagos,789,Business,1435811,24.24,24,74327.15,381151.04,1054659.96,Active,30
LOAN000790,CUST00790,38,Salaried,813939,Lagos,552,Business,554100,8.01,18,33249.08,293463.84,260636.15999999997,Delinquent,57
LOAN000791,CUST00791,43,Salaried,914945,Abuja,787,Personal,651976,17.92,18,42711.67,528211.89,123764.10999999999,Active,10
LOAN000792,CUST00792,45,Salaried,364493,Lagos,657,Business,565032,20.94,18,37963.87,251582.45,313449.55,Active,30
LOAN000793,CUST00793,59,Salaried,384198,Lagos,733,Emergency,111114,10.17,18,6800.79,97629.75,13484.25,Active,10
LOAN000794,CUST00794,44,Salaried,91751,Port Harcourt,605,Personal,1930108,6.68,36,57195.53,1549746.38,380361.6200000001,Active,0
LOAN000795,CUST00795,51,Unemployed,882349,Kano,660,Education,1568829,21.86,12,159314.58,787117.49,781711.51,Active,0
LOAN000796,CUST00796,65,Self-employed,1091133,Abuja,300,Emergency,549283,17.0,18,35703.39,235289.93,313993.07,Active,30
LOAN000797,CUST00797,55,Salaried,507196,Lagos,758,Emergency,417325,9.28,18,25336.26,367649.95,49675.04999999999,Active,20
LOAN000798,CUST00798,35,Salaried,1168767,Abuja,528,Education,286897,11.33,24,13308.43,11797.28,275099.72,Active,10
LOAN000799,CUST00799,62,Self-employed,1046612,Abuja,850,Education,1772528,11.16,36,54731.73,1658636.48,113891.52000000002,Active,0
LOAN000800,CUST00800,25,Salaried,1209154,Kano,562,Business,1389973,24.17,18,95884.97,1051150.56,338822.43999999994,Defaulted,177
LOAN000801,CUST00801,37,Salaried,977785,Abuja,814,Business,1957966,24.21,18,135110.53,1361043.0,596923.0,Active,10
LOAN000802,CUST00802,23,Self-employed,970326,Ibadan,554,Emergency,1894376,21.24,24,95697.56,1053672.29,840703.71,Delinquent,48
LOAN000803,CUST00803,34,Unemployed,916042,Kano,535,Personal,747769,19.35,6,148743.72,452532.56,295236.44,Delinquent,75
LOAN000804,CUST00804,21,Salaried,787896,Abuja,844,Emergency,1579309,21.27,18,106401.56,1242602.05,336706.94999999995,Active,0
LOAN000805,CUST00805,25,Salaried,1394481,Abuja,619,Business,890248,9.0,18,53909.46,753972.2,136275.80000000005,Active,0
LOAN000806,CUST00806,44,Self-employed,1132897,Port Harcourt,462,Emergency,1659789,21.61,12,168205.78,1099538.21,560250.79,Delinquent,74
LOAN000807,CUST00807,38,Self-employed,1053205,Port Harcourt,640,Business,329990,10.21,36,10102.28,334917.72,0.0,Closed,0
LOAN000808,CUST00808,32,Salaried,226997,Lagos,850,Personal,431449,12.87,24,20290.69,300226.39,131222.61,Defaulted,163
LOAN000809,CUST00809,34,Self-employed,1221322,Abuja,559,Personal,1364132,9.57,6,249113.24,1145360.52,218771.47999999998,Defaulted,115
LOAN000810,CUST00810,54,Self-employed,891031,Lagos,787,Personal,1309114,10.2,6,240440.6,814390.29,494723.70999999996,Defaulted,111
LOAN000811,CUST00811,30,Salaried,1152761,Port Harcourt,477,Education,1979356,23.57,24,101912.09,1551777.74,427578.26,Active,10
LOAN000812,CUST00812,31,Salaried,1086345,Port Harcourt,569,Business,954519,22.13,36,32382.06,979115.7,0.0,Closed,0
LOAN000813,CUST00813,34,Salaried,927303,Abuja,779,Emergency,1711916,7.92,18,102638.87,2054299.2,0.0,Closed,0
LOAN000814,CUST00814,38,Salaried,570760,Ibadan,803,Business,1485012,17.94,6,291903.86,914475.49,570536.51,Active,10
LOAN000815,CUST00815,21,Self-employed,854248,Port Harcourt,752,Business,1593722,16.94,6,310616.42,1227734.35,365987.6499999999,Active,0
LOAN000816,CUST00816,20,Unemployed,1037616,Lagos,548,Education,1321659,23.79,36,45446.71,1183439.7,138219.30000000005,Delinquent,82
LOAN000817,CUST00817,55,Self-employed,1108101,Abuja,773,Education,684403,24.55,18,47356.89,381168.02,303234.98,Active,0
LOAN000818,CUST00818,27,Salaried,406235,Port Harcourt,601,Personal,761305,22.56,12,77754.62,494518.91,266786.09,Active,30
LOAN000819,CUST00819,36,Salaried,706973,Port Harcourt,700,Education,318165,14.98,18,20323.67,147457.78,170707.22,Delinquent,58
LOAN000820,CUST00820,27,Salaried,1134170,Kano,521,Emergency,1922068,8.3,24,86733.32,2306481.6,0.0,Closed,0
LOAN000821,CUST00821,63,Salaried,161615,Ibadan,819,Emergency,164435,9.6,6,30036.79,124521.01,39913.990000000005,Active,10
LOAN000822,CUST00822,47,Unemployed,293320,Ibadan,704,Personal,1994492,14.9,24,95486.3,1448215.76,546276.24,Active,30
LOAN000823,CUST00823,65,Salaried,360491,Kano,701,Education,246247,9.07,18,14921.2,106201.88,140045.12,Active,10
LOAN000824,CUST00824,44,Self-employed,1231215,Lagos,768,Business,1278254,9.25,6,232748.75,886925.13,391328.87,Active,10
LOAN000825,CUST00825,61,Self-employed,1094614,Lagos,850,Emergency,1910944,11.57,18,118446.68,2113916.48,0.0,Closed,0
LOAN000826,CUST00826,63,Salaried,833408,Ibadan,689,Emergency,272444,21.74,12,27639.44,251708.27,20735.73000000001,Active,30
LOAN000827,CUST00827,57,Unemployed,1367759,Ibadan,607,Education,1296136,18.16,18,85084.13,1047686.55,248449.44999999995,Defaulted,173
LOAN000828,CUST00828,65,Salaried,1243611,Lagos,614,Emergency,1860426,5.97,18,109527.41,1584236.74,276189.26,Active,0
LOAN000829,CUST00829,28,Salaried,244093,Ibadan,808,Emergency,423315,9.8,24,19366.66,338879.87,84435.13,Active,10
LOAN000830,CUST00830,65,Self-employed,647553,Port Harcourt,786,Business,1421672,8.08,18,85363.51,636961.99,784710.01,Active,30
LOAN000831,CUST00831,49,Self-employed,802970,Ibadan,635,Emergency,1794941,12.35,12,168051.35,2055448.9,0.0,Closed,0
LOAN000832,CUST00832,29,Salaried,1049166,Ibadan,577,Emergency,1309005,13.46,24,61883.21,148498.15,1160506.85,Delinquent,70
LOAN000833,CUST00833,59,Salaried,244924,Abuja,647,Emergency,766690,24.47,12,79524.92,873335.32,0.0,Closed,0
LOAN000834,CUST00834,37,Self-employed,1155783,Abuja,589,Business,1150329,6.68,24,51132.12,517888.85,632440.15,Active,30
LOAN000835,CUST00835,36,Unemployed,1485110,Kano,715,Personal,1814833,9.97,24,83157.16,1818800.24,0.0,Closed,0
LOAN000836,CUST00836,47,Salaried,1205518,Kano,605,Education,144570,15.27,36,4629.05,98064.78,46505.22,Active,0
LOAN000837,CUST00837,29,Salaried,795448,Abuja,539,Emergency,221483,20.37,6,44433.18,140081.92,81401.07999999999,Active,30
LOAN000838,CUST00838,55,Salaried,144914,Ibadan,611,Emergency,1888689,19.09,18,124957.76,2266426.8,0.0,Closed,0
LOAN000839,CUST00839,31,Self-employed,1358225,Abuja,832,Personal,765830,24.33,12,79346.37,854013.45,0.0,Closed,0
LOAN000840,CUST00840,19,Salaried,1316790,Lagos,598,Emergency,1462240,7.13,36,43513.83,1534611.04,0.0,Closed,0
LOAN000841,CUST00841,56,Salaried,294692,Ibadan,647,Education,1425314,14.54,24,68023.11,1241618.14,183695.8600000001,Delinquent,78
LOAN000842,CUST00842,26,Self-employed,1347087,Abuja,688,Personal,1343407,12.21,24,62809.87,643343.43,700063.57,Delinquent,36
LOAN000843,CUST00843,48,Salaried,450140,Abuja,792,Business,83313,18.92,12,8256.32,33015.95,50297.05,Delinquent,44
LOAN000844,CUST00844,27,Self-employed,963914,Ibadan,674,Emergency,1849753,20.8,12,186208.47,1129486.58,720266.4199999999,Active,30
LOAN000845,CUST00845,19,Salaried,95753,Ibadan,618,Business,1942502,8.05,24,87453.06,1621962.68,320539.32000000007,Defaulted,150
LOAN000846,CUST00846,58,Salaried,472237,Ibadan,593,Emergency,1789484,21.68,6,362907.36,1657076.75,132407.25,Active,0
LOAN000847,CUST00847,20,Self-employed,1089564,Ibadan,488,Emergency,1299566,19.62,18,86363.38,1314367.0,0.0,Closed,0
LOAN000848,CUST00848,51,Salaried,1069427,Lagos,850,Emergency,1569626,17.23,24,76669.69,1236730.1,332895.8999999999,Active,0
LOAN000849,CUST00849,49,Salaried,1258805,Kano,568,Education,183191,10.36,24,8423.73,82417.74,100773.26,Delinquent,38
LOAN000850,CUST00850,32,Self-employed,990206,Kano,671,Business,93635,8.23,12,8445.1,84662.18,8972.820000000007,Active,30
LOAN000851,CUST00851,64,Unemployed,1282409,Ibadan,708,Emergency,761255,23.43,24,39150.71,651016.92,110238.07999999996,Active,20
LOAN000852,CUST00852,62,Self-employed,1461608,Lagos,783,Emergency,805510,20.92,12,81168.56,757514.85,47995.15000000002,Active,20
LOAN000853,CUST00853,37,Salaried,320735,Abuja,621,Business,377814,17.11,6,73743.0,329811.07,48002.92999999999,Delinquent,62
LOAN000854,CUST00854,29,Salaried,1217758,Kano,850,Personal,88022,12.18,18,5485.73,83776.88,4245.119999999995,Active,10
LOAN000855,CUST00855,34,Salaried,183516,Port Harcourt,533,Education,289010,17.35,6,56525.54,205257.76,83752.23999999999,Active,30
LOAN000856,CUST00856,62,Self-employed,147887,Kano,635,Personal,1218160,10.35,12,112019.96,1318200.42,0.0,Closed,0
LOAN000857,CUST00857,57,Unemployed,155742,Lagos,751,Personal,968189,20.98,6,195219.18,95075.32,873113.6799999999,Defaulted,168
LOAN000858,CUST00858,64,Salaried,1113897,Port Harcourt,639,Emergency,1371050,7.36,12,122663.27,808098.99,562951.01,Defaulted,110
LOAN000859,CUST00859,25,Salaried,1110942,Abuja,672,Emergency,1875555,6.99,18,111480.91,1593460.46,282094.54000000004,Active,10
LOAN000860,CUST00860,23,Self-employed,921890,Port Harcourt,597,Education,63815,9.91,24,2922.46,61443.35,2371.6500000000015,Active,10
LOAN000861,CUST00861,26,Salaried,920336,Ibadan,618,Emergency,1444596,9.91,36,44104.32,1305816.18,138779.82000000007,Active,10
LOAN000862,CUST00862,27,Self-employed,908383,Lagos,723,Personal,1837592,15.32,18,117728.39,1785483.67,52108.330000000075,Defaulted,146
LOAN000863,CUST00863,20,Salaried,227792,Abuja,780,Personal,892322,24.64,12,92682.51,418827.74,473494.26,Active,30
LOAN000864,CUST00864,43,Unemployed,1374577,Kano,746,Education,1725772,18.21,36,56667.64,1016843.79,708928.21,Defaulted,143
LOAN000865,CUST00865,62,Unemployed,707866,Ibadan,850,Emergency,66572,21.54,36,2247.54,57264.32,9307.68,Active,10
LOAN000866,CUST00866,59,Salaried,1400312,Ibadan,608,Business,1191742,17.49,36,38893.82,813912.36,377829.64,Active,20
LOAN000867,CUST00867,31,Salaried,682357,Lagos,613,Education,1177079,11.69,12,109556.63,875951.73,301127.27,Active,20
LOAN000868,CUST00868,55,Salaried,1143320,Port Harcourt,456,Business,1383129,8.2,6,249424.26,1369273.6,13855.399999999907,Delinquent,65
LOAN000869,CUST00869,58,Self-employed,687412,Kano,521,Education,1109637,7.21,6,198273.64,481466.25,628170.75,Delinquent,47
LOAN000870,CUST00870,37,Salaried,309654,Kano,850,Personal,1415167,23.83,24,73016.72,1464828.43,0.0,Closed,0
LOAN000871,CUST00871,40,Salaried,1000318,Port Harcourt,629,Education,545131,21.11,36,18339.12,391766.7,153364.3,Active,10
LOAN000872,CUST00872,65,Self-employed,1448637,Abuja,789,Personal,1549158,16.46,12,150345.78,1194425.06,354732.93999999994,Delinquent,64
LOAN000873,CUST00873,63,Salaried,737544,Ibadan,678,Emergency,453817,21.46,18,30622.56,214108.16,239708.84,Active,10
LOAN000874,CUST00874,31,Salaried,221855,Ibadan,710,Personal,941052,22.77,24,48138.73,981102.5,0.0,Closed,0
LOAN000875,CUST00875,34,Self-employed,824466,Kano,770,Emergency,894635,16.76,36,29016.0,721858.15,172776.84999999998,Delinquent,86
LOAN000876,CUST00876,28,Salaried,1384755,Abuja,731,Business,972914,18.78,24,48151.14,0.0,972914.0,Delinquent,57
LOAN000877,CUST00877,62,Self-employed,1066624,Abuja,430,Emergency,321340,24.36,36,11100.51,177950.8,143389.2,Delinquent,38
LOAN000878,CUST00878,56,Salaried,1042698,Ibadan,814,Personal,378916,23.88,18,26077.84,342297.85,36618.15000000002,Defaulted,105
LOAN000879,CUST00879,41,Salaried,303475,Port Harcourt,764,Education,657315,5.81,12,57958.75,465882.16,191432.84000000003,Active,20
LOAN000880,CUST00880,44,Salaried,1069059,Lagos,807,Education,349618,7.84,36,10473.0,419541.6,0.0,Closed,0
LOAN000881,CUST00881,25,Salaried,644505,Kano,739,Education,1767829,19.79,6,352947.06,2121394.8,0.0,Closed,0
LOAN000882,CUST00882,42,Self-employed,191693,Ibadan,457,Business,925718,14.62,18,58947.67,715237.58,210480.42000000004,Active,20
LOAN000883,CUST00883,23,Salaried,340502,Kano,548,Emergency,1016653,20.23,24,50930.08,687441.7,329211.30000000005,Active,20
LOAN000884,CUST00884,60,Salaried,862090,Ibadan,628,Education,879207,11.78,6,163796.26,1055048.4,0.0,Closed,0
LOAN000885,CUST00885,53,Salaried,1404585,Lagos,716,Personal,397319,19.14,36,13149.05,312674.73,84644.27000000002,Active,20
LOAN000886,CUST00886,30,Unemployed,453548,Ibadan,850,Personal,1186308,16.54,6,230420.56,905248.78,281059.22,Defaulted,156
LOAN000887,CUST00887,33,Self-employed,302252,Kano,673,Emergency,1165390,8.59,6,210916.17,656353.7,509036.30000000005,Active,10
LOAN000888,CUST00888,39,Self-employed,227519,Ibadan,491,Business,1322666,11.41,36,40932.84,697387.32,625278.68,Active,0
LOAN000889,CUST00889,52,Salaried,920184,Abuja,645,Education,1157090,11.35,18,71578.87,655455.93,501634.06999999995,Active,0
LOAN000890,CUST00890,28,Salaried,352061,Lagos,566,Education,1661251,6.79,18,98558.33,1031984.63,629266.37,Defaulted,176
LOAN000891,CUST00891,38,Salaried,430544,Port Harcourt,640,Emergency,172687,10.96,6,31935.58,56659.43,116027.57,Active,30
LOAN000892,CUST00892,25,Salaried,303684,Port Harcourt,741,Personal,552525,20.04,36,18423.64,164975.06,387549.94,Active,30
LOAN000893,CUST00893,19,Salaried,717599,Port Harcourt,475,Personal,903701,6.31,6,160120.76,700126.02,203574.97999999998,Active,10
LOAN000894,CUST00894,23,Self-employed,566562,Kano,559,Business,1416401,20.7,18,94977.56,930911.54,485489.45999999996,Active,30
LOAN000895,CUST00895,46,Salaried,348565,Lagos,810,Personal,402716,20.64,36,13495.46,340598.0,62118.0,Defaulted,161
LOAN000896,CUST00896,35,Unemployed,1024445,Kano,663,Education,1351764,10.78,12,124790.35,253385.81,1098378.19,Active,30
LOAN000897,CUST00897,20,Salaried,1476058,Abuja,730,Personal,786976,21.85,12,79910.85,552425.8,234550.19999999995,Active,20
LOAN000898,CUST00898,45,Salaried,680484,Abuja,559,Education,1514712,7.46,12,135642.46,1232913.45,281798.55000000005,Delinquent,48
LOAN000899,CUST00899,39,Unemployed,1480469,Abuja,554,Emergency,1382047,10.23,24,63476.27,904250.99,477796.01,Active,20
LOAN000900,CUST00900,56,Salaried,1307271,Ibadan,652,Personal,1966835,18.84,6,389564.45,2110024.8,0.0,Closed,0
LOAN000901,CUST00901,43,Self-employed,70087,Kano,642,Personal,916465,16.12,24,44341.63,1099758.0,0.0,Closed,0
LOAN000902,CUST00902,42,Self-employed,1411255,Kano,468,Education,1179629,5.62,24,51913.51,634024.6,545604.4,Active,20
LOAN000903,CUST00903,30,Salaried,861075,Ibadan,459,Personal,1660541,21.24,6,335539.98,347149.54,1313391.46,Active,20
LOAN000904,CUST00904,63,Self-employed,514562,Abuja,711,Business,1640524,10.62,18,100819.31,1361861.3,278662.69999999995,Active,20
LOAN000905,CUST00905,58,Unemployed,1085591,Ibadan,757,Personal,127166,10.62,36,3907.53,35052.39,92113.61,Active,10
LOAN000906,CUST00906,22,Salaried,631639,Kano,667,Business,1086016,8.41,12,98112.5,657128.39,428887.61,Active,10
LOAN000907,CUST00907,64,Salaried,186418,Port Harcourt,757,Business,1245173,22.11,36,42235.58,1494207.6,0.0,Closed,0
LOAN000908,CUST00908,18,Salaried,1471824,Ibadan,543,Personal,1503296,18.55,36,49504.37,1006367.69,496928.31000000006,Active,30
LOAN000909,CUST00909,51,Salaried,727378,Lagos,563,Business,903280,10.48,36,27720.66,94352.46,808927.54,Active,20
LOAN000910,CUST00910,39,Salaried,148492,Lagos,531,Personal,930934,15.65,18,59812.51,639236.0,291698.0,Active,10
LOAN000911,CUST00911,37,Unemployed,523176,Lagos,659,Personal,938815,24.16,12,97136.06,667143.45,271671.55000000005,Active,20
LOAN000912,CUST00912,24,Salaried,108453,Ibadan,571,Business,1744622,5.48,18,102234.85,1190779.89,553842.1100000001,Delinquent,46
LOAN000913,CUST00913,57,Self-employed,764713,Ibadan,703,Personal,1773090,11.67,12,165000.8,1419529.47,353560.53,Defaulted,166
LOAN000914,CUST00914,38,Salaried,1361451,Lagos,819,Business,311779,6.71,6,55449.9,131845.19,179933.81,Defaulted,138
LOAN000915,CUST00915,24,Unemployed,180028,Lagos,652,Personal,976770,6.1,36,28787.58,703688.12,273081.88,Active,0
LOAN000916,CUST00916,47,Self-employed,668485,Ibadan,677,Emergency,892390,6.92,24,39755.97,858893.54,33496.45999999996,Active,0
LOAN000917,CUST00917,47,Self-employed,947802,Kano,684,Education,1348620,7.03,6,240571.33,1397090.74,0.0,Closed,0
LOAN000918,CUST00918,54,Salaried,1282733,Abuja,693,Education,265355,5.25,6,46547.69,150262.25,115092.75,Active,10
LOAN000919,CUST00919,21,Salaried,795309,Abuja,663,Education,1569644,17.42,12,153589.67,638660.11,930983.89,Active,0
LOAN000920,CUST00920,27,Salaried,1275832,Ibadan,625,Education,1416724,20.09,18,94519.1,1048419.68,368304.31999999995,Active,10
LOAN000921,CUST00921,21,Salaried,1315273,Abuja,424,Personal,823492,24.41,36,28458.51,585864.12,237627.88,Active,10
LOAN000922,CUST00922,30,Salaried,935126,Ibadan,661,Emergency,470210,17.81,12,46162.87,275252.72,194957.28000000003,Delinquent,52
LOAN000923,CUST00923,39,Self-employed,1307792,Abuja,526,Personal,1836791,16.57,18,118952.63,1465680.08,371110.9199999999,Active,30
LOAN000924,CUST00924,18,Self-employed,1002740,Abuja,546,Business,1959547,5.84,12,172832.05,2213724.45,0.0,Closed,0
LOAN000925,CUST00925,65,Self-employed,1028398,Ibadan,701,Business,551259,14.61,18,35099.89,573770.85,0.0,Closed,0
LOAN000926,CUST00926,27,Salaried,889516,Port Harcourt,850,Emergency,64104,12.26,6,11993.86,35650.27,28453.730000000003,Active,0
LOAN000927,CUST00927,30,Self-employed,457693,Port Harcourt,760,Business,1964089,20.31,6,393832.58,769744.06,1194344.94,Defaulted,115
LOAN000928,CUST00928,33,Self-employed,509161,Abuja,569,Business,1557509,8.49,36,46937.26,1635656.54,0.0,Closed,0
LOAN000929,CUST00929,61,Salaried,95072,Abuja,619,Emergency,599010,23.21,6,123006.7,699487.69,0.0,Closed,0
LOAN000930,CUST00930,41,Self-employed,1423360,Port Harcourt,681,Business,282718,11.77,12,26332.83,236524.17,46193.82999999999,Active,10
LOAN000931,CUST00931,30,Unemployed,1155045,Abuja,747,Emergency,1356953,22.63,6,277338.58,963039.56,393913.43999999994,Active,10
LOAN000932,CUST00932,55,Salaried,834870,Abuja,440,Education,950811,24.54,12,98678.33,939445.59,11365.410000000033,Defaulted,168
LOAN000933,CUST00933,26,Salaried,361567,Kano,450,Emergency,161692,17.59,18,10562.98,184539.41,0.0,Closed,0
LOAN000934,CUST00934,22,Self-employed,488802,Abuja,785,Emergency,1695562,14.41,36,53885.9,1796895.33,0.0,Closed,0
LOAN000935,CUST00935,51,Self-employed,1402813,Ibadan,600,Emergency,834892,14.97,24,39994.81,352917.26,481974.74,Active,20
LOAN000936,CUST00936,32,Salaried,1043542,Abuja,624,Emergency,890844,17.76,36,29140.5,372629.89,518214.11,Active,10
LOAN000937,CUST00937,34,Salaried,541540,Kano,743,Personal,691726,13.5,24,32712.88,454871.9,236854.09999999998,Active,20
LOAN000938,CUST00938,32,Self-employed,331711,Kano,817,Personal,668760,13.89,18,42313.93,764454.62,0.0,Closed,0
LOAN000939,CUST00939,49,Salaried,1025706,Port Harcourt,624,Education,755427,13.52,24,35731.7,439167.18,316259.82,Active,20
LOAN000940,CUST00940,36,Salaried,851889,Kano,553,Personal,976287,9.68,6,178465.26,239159.6,737127.4,Active,0
LOAN000941,CUST00941,20,Unemployed,629705,Kano,843,Business,256378,7.37,18,15292.95,266493.52,0.0,Closed,0
LOAN000942,CUST00942,63,Salaried,749940,Kano,578,Education,740469,10.0,18,45250.88,281152.63,459316.37,Active,10
LOAN000943,CUST00943,59,Self-employed,67896,Lagos,683,Emergency,641072,21.45,24,32440.91,475725.6,165346.40000000002,Defaulted,164
LOAN000944,CUST00944,48,Salaried,1421728,Abuja,700,Emergency,1646269,24.03,24,85077.81,834854.2,811414.8,Active,10
LOAN000945,CUST00945,31,Salaried,1017628,Ibadan,648,Emergency,230094,11.26,12,21333.55,139862.22,90231.78,Active,30
LOAN000946,CUST00946,49,Salaried,1221147,Port Harcourt,650,Education,341399,16.55,12,33158.38,311999.52,29399.47999999998,Active,0
LOAN000947,CUST00947,54,Salaried,522888,Lagos,636,Business,1488148,20.05,36,49625.6,921288.96,566859.04,Active,0
LOAN000948,CUST00948,43,Unemployed,372313,Ibadan,605,Business,742585,16.36,36,24002.0,537253.65,205331.34999999998,Defaulted,163
LOAN000949,CUST00949,58,Salaried,869223,Port Harcourt,841,Personal,860410,8.77,6,155977.99,578506.28,281903.72,Active,30
LOAN000950,CUST00950,30,Salaried,409501,Lagos,614,Emergency,1209529,8.55,36,36470.66,1110681.25,98847.75,Active,10
LOAN000951,CUST00951,51,Salaried,645208,Lagos,609,Business,660492,18.19,6,130105.92,633468.84,27023.160000000033,Active,20
LOAN000952,CUST00952,26,Self-employed,735290,Kano,694,Emergency,911638,12.82,6,171418.33,1004568.0,0.0,Closed,0
LOAN000953,CUST00953,37,Self-employed,1052965,Ibadan,703,Emergency,865777,24.1,12,89535.77,621462.83,244314.17000000004,Active,10
LOAN000954,CUST00954,35,Self-employed,382988,Abuja,514,Personal,700775,16.75,36,22726.52,195332.03,505442.97,Delinquent,60
LOAN000955,CUST00955,47,Salaried,349246,Ibadan,667,Personal,1779275,12.98,12,167518.74,697159.98,1082115.02,Active,30
LOAN000956,CUST00956,62,Salaried,241056,Port Harcourt,850,Emergency,1897578,23.38,18,130068.43,2277093.6,0.0,Closed,0
LOAN000957,CUST00957,47,Self-employed,1335611,Ibadan,710,Business,1832251,8.5,12,165666.03,1724909.18,107341.82000000007,Active,30
LOAN000958,CUST00958,35,Salaried,1242472,Kano,584,Education,1515164,23.91,12,156453.31,317703.65,1197460.35,Delinquent,41
LOAN000959,CUST00959,53,Unemployed,1448080,Lagos,575,Education,1513904,19.53,12,150797.45,777639.31,736264.69,Defaulted,142
LOAN000960,CUST00960,34,Self-employed,210502,Abuja,593,Personal,1107792,20.33,18,74055.9,774963.49,332828.51,Active,10
LOAN000961,CUST00961,30,Salaried,1019235,Ibadan,739,Personal,1389800,18.89,24,68847.22,217100.74,1172699.26,Active,30
LOAN000962,CUST00962,49,Salaried,72517,Ibadan,678,Personal,1537089,23.34,18,105324.75,658146.3,878942.7,Active,30
LOAN000963,CUST00963,26,Salaried,223117,Ibadan,539,Education,558126,19.27,24,27736.54,669751.2,0.0,Closed,0
LOAN000964,CUST00964,28,Salaried,388410,Lagos,615,Personal,87887,17.14,12,8579.24,0.0,87887.0,Active,30
LOAN000965,CUST00965,63,Salaried,1470575,Lagos,850,Business,974126,12.16,12,91048.31,1052336.52,0.0,Closed,0
LOAN000966,CUST00966,42,Self-employed,977063,Port Harcourt,709,Emergency,1804270,17.7,36,58989.61,687670.67,1116599.33,Active,0
LOAN000967,CUST00967,33,Salaried,159922,Abuja,637,Personal,152057,20.45,12,15262.72,92816.64,59240.36,Defaulted,137
LOAN000968,CUST00968,61,Salaried,83635,Lagos,469,Business,80534,11.74,12,7499.06,96640.8,0.0,Closed,0
LOAN000969,CUST00969,38,Self-employed,252591,Port Harcourt,706,Business,1791581,18.28,12,176590.17,1480064.3,311516.69999999995,Active,0
LOAN000970,CUST00970,25,Salaried,1360034,Abuja,661,Business,1186032,12.9,24,55792.92,1275857.2,0.0,Closed,0
LOAN000971,CUST00971,47,Salaried,272057,Abuja,603,Personal,414110,5.3,18,24225.43,348852.54,65257.46000000002,Active,10
LOAN000972,CUST00972,44,Self-employed,1429845,Port Harcourt,608,Emergency,1413033,17.48,6,276671.86,1173860.32,239172.67999999993,Active,10
LOAN000973,CUST00973,56,Self-employed,263518,Port Harcourt,605,Emergency,1709392,24.81,36,59263.67,1600797.0,108595.0,Active,0
LOAN000974,CUST00974,60,Unemployed,1471660,Ibadan,646,Personal,1667756,18.87,18,110136.75,1439490.43,228265.57000000007,Active,20
LOAN000975,CUST00975,50,Salaried,752766,Abuja,643,Personal,1962819,16.7,24,95442.07,2135184.1,0.0,Closed,0
LOAN000976,CUST00976,33,Salaried,537809,Kano,801,Personal,1641614,22.94,18,112122.24,358020.02,1283593.98,Active,30
LOAN000977,CUST00977,33,Salaried,175667,Kano,571,Emergency,1095905,10.93,12,101307.28,524149.78,571755.22,Active,0
LOAN000978,CUST00978,59,Salaried,739312,Port Harcourt,814,Personal,715926,17.87,6,140643.66,409009.68,306916.32,Active,30
LOAN000979,CUST00979,61,Self-employed,530268,Abuja,850,Emergency,744724,11.85,12,69414.48,81396.65,663327.35,Active,10
LOAN000980,CUST00980,49,Salaried,1143605,Lagos,676,Business,977698,17.6,6,191628.81,1043024.89,0.0,Closed,0
LOAN000981,CUST00981,33,Self-employed,159276,Kano,684,Personal,346814,23.77,12,35770.97,254399.1,92414.9,Active,10
LOAN000982,CUST00982,56,Self-employed,943889,Abuja,727,Education,703185,8.28,12,63450.73,637322.39,65862.60999999999,Active,10
LOAN000983,CUST00983,43,Salaried,648428,Ibadan,660,Business,1382957,9.03,24,62826.58,1267730.88,115226.12000000011,Active,20
LOAN000984,CUST00984,48,Salaried,1037157,Lagos,631,Emergency,1109675,17.19,24,54184.51,766561.8,343113.19999999995,Delinquent,83
LOAN000985,CUST00985,53,Self-employed,946317,Abuja,786,Education,1641441,23.13,18,112283.68,1135101.62,506339.3799999999,Active,10
LOAN000986,CUST00986,39,Salaried,847861,Abuja,300,Emergency,1001274,10.66,36,30778.05,929249.37,72024.63,Active,0
LOAN000987,CUST00987,49,Salaried,460445,Ibadan,673,Emergency,447674,5.08,36,13067.11,423844.42,23829.580000000016,Delinquent,54
LOAN000988,CUST00988,44,Unemployed,877640,Lagos,603,Personal,832541,12.68,18,52117.07,619733.01,212807.99,Active,0
LOAN000989,CUST00989,34,Unemployed,857038,Port Harcourt,763,Emergency,390498,8.88,24,17715.59,424562.63,0.0,Closed,0
LOAN000990,CUST00990,33,Self-employed,1381649,Ibadan,698,Personal,1510572,6.15,24,66811.34,782682.79,727889.21,Defaulted,121
LOAN000991,CUST00991,61,Self-employed,807940,Abuja,484,Education,1468567,5.57,12,129197.18,673342.35,795224.65,Active,30
LOAN000992,CUST00992,59,Self-employed,568866,Ibadan,753,Emergency,1439582,21.83,6,292307.13,809023.25,630558.75,Active,0
LOAN000993,CUST00993,45,Unemployed,1279267,Abuja,711,Emergency,218502,15.37,12,21007.15,226354.42,0.0,Closed,0
LOAN000994,CUST00994,64,Self-employed,580309,Lagos,711,Personal,1099932,24.35,24,56990.23,1064215.82,35716.179999999935,Active,30
LOAN000995,CUST00995,65,Salaried,1384166,Ibadan,701,Education,1722549,11.89,12,160613.34,960416.71,762132.29,Active,10
LOAN000996,CUST00996,51,Unemployed,63464,Ibadan,740,Education,1762092,14.83,6,337235.04,1744687.57,17404.429999999935,Active,30
LOAN000997,CUST00997,30,Salaried,953766,Ibadan,734,Business,835700,8.73,12,75721.38,924847.47,0.0,Closed,0
LOAN000998,CUST00998,65,Unemployed,1104057,Abuja,778,Business,995104,16.34,12,96475.33,851246.26,143857.74,Active,0
LOAN000999,CUST00999,23,Unemployed,593900,Port Harcourt,544,Personal,1877910,13.18,36,59039.4,1393491.14,484418.8600000001,Active,10
LOAN001000,CUST01000,61,Salaried,842154,Lagos,560,Personal,184768,11.84,36,5740.13,129537.13,55230.869999999995,Active,30
LOAN001001,CUST01001,42,Salaried,178044,Kano,632,Education,65155,18.31,6,12847.48,35668.88,29486.120000000003,Active,0
LOAN001002,CUST01002,38,Salaried,1069061,Abuja,613,Education,756803,17.09,18,49230.04,387690.52,369112.48,Active,20
LOAN001003,CUST01003,24,Salaried,1444770,Lagos,675,Emergency,1330959,6.14,18,78482.22,242122.2,1088836.8,Delinquent,82
LOAN001004,CUST01004,62,Self-employed,892653,Abuja,551,Education,1912209,23.5,6,393596.35,1434848.29,477360.70999999996,Active,20
LOAN001005,CUST01005,18,Self-employed,997740,Port Harcourt,762,Personal,1431763,22.4,36,48679.94,1356987.32,74775.67999999993,Active,10
LOAN001006,CUST01006,56,Salaried,1379127,Ibadan,558,Emergency,145953,24.39,18,10086.16,39076.29,106876.70999999999,Active,10
LOAN001007,CUST01007,24,Self-employed,1334699,Ibadan,537,Education,780509,13.56,24,36931.08,405284.99,375224.01,Defaulted,179
LOAN001008,CUST01008,50,Salaried,1323335,Lagos,626,Business,350231,22.4,36,11907.85,349825.59,405.4099999999744,Delinquent,76
LOAN001009,CUST01009,28,Self-employed,1094224,Ibadan,409,Personal,681973,21.65,36,23045.0,457362.16,224610.84000000003,Defaulted,149
LOAN001010,CUST01010,62,Self-employed,1061180,Lagos,501,Personal,555207,9.87,12,50833.83,522241.81,32965.19,Delinquent,73
LOAN001011,CUST01011,32,Unemployed,962037,Port Harcourt,683,Emergency,111282,8.2,18,6689.28,85462.33,25819.67,Defaulted,125
LOAN001012,CUST01012,23,Salaried,1456352,Port Harcourt,492,Business,334701,23.45,24,17216.18,387649.89,0.0,Closed,0
LOAN001013,CUST01013,59,Self-employed,1257901,Kano,672,Emergency,1309716,6.29,18,77338.73,0.0,1309716.0,Active,30
LOAN001014,CUST01014,23,Salaried,539407,Port Harcourt,798,Business,292619,10.82,6,54046.73,351142.8,0.0,Closed,0
LOAN001015,CUST01015,37,Salaried,293492,Lagos,591,Business,317213,22.07,24,16134.25,257861.76,59351.23999999999,Active,0
LOAN001016,CUST01016,24,Unemployed,864000,Ibadan,533,Personal,720339,20.43,12,72292.02,714674.82,5664.180000000051,Active,10
LOAN001017,CUST01017,61,Self-employed,1178882,Ibadan,710,Business,712545,7.89,18,42709.16,636236.65,76308.34999999998,Delinquent,62
LOAN001018,CUST01018,56,Salaried,1311364,Port Harcourt,850,Education,1616698,18.31,6,318785.9,1726735.27,0.0,Closed,0
LOAN001019,CUST01019,49,Unemployed,1103563,Port Harcourt,588,Emergency,308922,10.47,36,9479.61,268059.28,40862.71999999997,Active,10
LOAN001020,CUST01020,32,Unemployed,173338,Lagos,437,Business,748654,8.05,12,67410.05,555746.61,192907.39,Delinquent,82
LOAN001021,CUST01021,43,Self-employed,1072371,Port Harcourt,600,Emergency,677261,24.69,12,70373.06,366795.12,310465.88,Defaulted,160
LOAN001022,CUST01022,36,Salaried,1471656,Abuja,668,Emergency,780453,20.15,24,39071.43,462631.84,317821.16,Active,20
LOAN001023,CUST01023,37,Salaried,254093,Ibadan,784,Business,1627617,20.83,6,327774.94,819137.35,808479.65,Delinquent,76
LOAN001024,CUST01024,65,Salaried,1260386,Lagos,648,Education,1509524,14.65,12,144222.44,1132236.77,377287.23,Active,10
LOAN001025,CUST01025,61,Salaried,1257292,Abuja,668,Personal,1697311,24.77,12,176477.91,1106021.46,591289.54,Active,30
LOAN001026,CUST01026,55,Salaried,251426,Ibadan,545,Business,1043789,8.59,6,188908.41,1041210.3,2578.6999999999534,Active,20
LOAN001027,CUST01027,62,Self-employed,1364856,Kano,613,Business,563804,5.68,12,49652.34,311538.39,252265.61,Active,20
LOAN001028,CUST01028,59,Self-employed,1419014,Ibadan,551,Education,1677074,18.84,6,332172.46,580667.96,1096406.04,Delinquent,86
LOAN001029,CUST01029,59,Self-employed,1376099,Kano,754,Business,820332,5.23,6,143872.56,498051.23,322280.77,Active,30
LOAN001030,CUST01030,42,Salaried,98290,Ibadan,673,Emergency,1250893,14.59,6,238899.71,1036700.59,214192.41000000003,Delinquent,42
LOAN001031,CUST01031,29,Salaried,675713,Ibadan,633,Personal,258543,11.5,36,8007.65,259905.36,0.0,Closed,0
LOAN001032,CUST01032,31,Salaried,875851,Lagos,637,Business,1174947,20.67,36,39383.57,1018842.9,156104.09999999998,Active,0
LOAN001033,CUST01033,54,Self-employed,1306409,Abuja,580,Business,61165,16.09,18,3944.8,50743.02,10421.980000000003,Active,10
LOAN001034,CUST01034,37,Salaried,234173,Port Harcourt,633,Business,1835620,20.06,6,367307.56,33692.53,1801927.47,Defaulted,154
LOAN001035,CUST01035,20,Unemployed,937202,Kano,761,Education,1430260,5.0,18,83431.83,1683164.92,0.0,Closed,0
LOAN001036,CUST01036,51,Salaried,1432353,Port Harcourt,798,Business,343297,16.54,18,22226.57,356898.17,0.0,Closed,0
LOAN001037,CUST01037,31,Salaried,1492694,Abuja,673,Business,1769168,5.89,6,312228.67,1373931.05,395236.94999999995,Active,20
LOAN001038,CUST01038,34,Salaried,1291059,Ibadan,612,Business,319467,19.58,24,15917.44,180404.43,139062.57,Active,20
LOAN001039,CUST01039,58,Salaried,888985,Port Harcourt,794,Business,583052,18.53,12,57590.96,544996.98,38055.02000000002,Active,0
LOAN001040,CUST01040,38,Salaried,830438,Ibadan,595,Emergency,1408474,21.41,36,47500.79,997433.56,411040.43999999994,Active,10
LOAN001041,CUST01041,22,Unemployed,104336,Port Harcourt,722,Personal,569040,6.55,6,101052.02,426870.13,142169.87,Active,30
LOAN001042,CUST01042,42,Unemployed,810887,Abuja,374,Emergency,1681733,10.47,12,154817.54,532846.26,1148886.74,Active,0
LOAN001043,CUST01043,24,Self-employed,270206,Kano,503,Education,309005,8.51,18,18627.85,180718.16,128286.84,Active,30
LOAN001044,CUST01044,38,Self-employed,1249902,Ibadan,632,Business,1206667,10.42,6,222066.95,721053.45,485613.55000000005,Delinquent,41
LOAN001045,CUST01045,48,Self-employed,773880,Kano,824,Business,1471474,24.36,36,50831.25,903522.53,567951.47,Active,30
LOAN001046,CUST01046,21,Salaried,593290,Port Harcourt,686,Business,1127024,19.26,12,112007.4,955742.76,171281.24,Active,20
LOAN001047,CUST01047,50,Self-employed,1472320,Port Harcourt,513,Education,1532239,14.16,24,72883.5,1435190.27,97048.72999999998,Defaulted,149
LOAN001048,CUST01048,37,Salaried,947088,Lagos,640,Education,1556734,22.63,12,159085.24,1652836.69,0.0,Closed,0
LOAN001049,CUST01049,23,Self-employed,902523,Abuja,521,Personal,1822608,6.8,6,324424.22,1733563.0,89045.0,Active,10
LOAN001050,CUST01050,61,Self-employed,227387,Kano,748,Business,1212157,23.59,6,249684.14,344097.88,868059.12,Defaulted,144
LOAN001051,CUST01051,18,Salaried,1055911,Kano,541,Business,1486804,24.96,36,51608.62,1282997.16,203806.84000000008,Active,30
LOAN001052,CUST01052,56,Self-employed,65288,Ibadan,785,Business,1523441,15.69,18,97914.94,745116.63,778324.37,Active,0
LOAN001053,CUST01053,26,Unemployed,1464575,Kano,847,Education,1651616,15.47,12,158926.75,649376.49,1002239.51,Active,20
LOAN001054,CUST01054,52,Salaried,156758,Lagos,726,Education,845019,8.41,6,152680.85,405451.76,439567.24,Active,10
LOAN001055,CUST01055,59,Salaried,677421,Kano,722,Personal,605222,9.26,36,18368.49,394250.36,210971.64,Active,20
LOAN001056,CUST01056,39,Self-employed,1021100,Port Harcourt,630,Education,1829122,14.77,18,116626.85,1073266.23,755855.77,Active,30
LOAN001057,CUST01057,45,Salaried,274739,Ibadan,529,Business,1916876,19.45,24,95404.52,1461188.1,455687.8999999999,Active,0
LOAN001058,CUST01058,27,Salaried,227720,Port Harcourt,588,Business,1934311,8.07,6,348401.65,1880628.65,53682.35000000009,Defaulted,90
LOAN001059,CUST01059,24,Salaried,1037126,Ibadan,530,Emergency,677646,12.29,12,63410.72,461761.55,215884.45,Active,20
LOAN001060,CUST01060,30,Salaried,389391,Lagos,627,Business,1616763,13.68,18,102107.57,0.0,1616763.0,Delinquent,76
LOAN001061,CUST01061,20,Salaried,647478,Abuja,744,Business,877422,13.42,18,55287.34,1052906.4,0.0,Closed,0
LOAN001062,CUST01062,38,Unemployed,1055154,Ibadan,618,Emergency,607422,7.38,24,27177.07,452056.75,155365.25,Active,10
LOAN001063,CUST01063,61,Salaried,325602,Abuja,715,Personal,276239,20.85,12,27819.57,209041.04,67197.95999999999,Active,0
LOAN001064,CUST01064,36,Self-employed,1472519,Ibadan,783,Personal,951072,24.53,6,197394.99,376392.6,574679.4,Active,20
LOAN001065,CUST01065,34,Salaried,949577,Abuja,736,Emergency,369806,19.58,12,36851.17,356720.19,13085.809999999998,Active,0
LOAN001066,CUST01066,55,Salaried,466101,Abuja,652,Business,1691476,21.2,36,56946.36,1491108.36,200367.6399999999,Active,10
LOAN001067,CUST01067,19,Salaried,302625,Kano,721,Business,130460,10.48,12,12011.02,124179.44,6280.559999999998,Defaulted,144
LOAN001068,CUST01068,32,Self-employed,240705,Port Harcourt,581,Emergency,847657,13.15,18,53284.66,545711.22,301945.78,Delinquent,45
LOAN001069,CUST01069,35,Salaried,1054945,Port Harcourt,835,Emergency,945636,17.88,18,61928.65,738122.69,207513.31000000006,Active,20
LOAN001070,CUST01070,31,Salaried,567930,Port Harcourt,473,Emergency,149732,8.64,6,27111.47,56638.81,93093.19,Active,20
LOAN001071,CUST01071,39,Unemployed,637536,Port Harcourt,656,Personal,261312,13.62,18,16494.59,208900.2,52411.79999999999,Defaulted,136
LOAN001072,CUST01072,65,Self-employed,253187,Kano,679,Education,1482274,16.04,12,143335.9,1188787.45,293486.55000000005,Active,20
LOAN001073,CUST01073,58,Self-employed,549651,Kano,828,Personal,490471,16.69,6,95388.43,335010.98,155460.02000000002,Delinquent,39
LOAN001074,CUST01074,24,Salaried,136064,Lagos,550,Education,1962973,22.68,12,200681.27,529470.36,1433502.6400000001,Active,30
LOAN001075,CUST01075,44,Self-employed,682241,Kano,452,Education,1645907,9.04,12,149558.08,1183445.93,462461.07000000007,Active,10
LOAN001076,CUST01076,48,Unemployed,1225130,Ibadan,849,Personal,1926768,12.32,6,360690.97,1343426.81,583341.19,Defaulted,98
LOAN001077,CUST01077,62,Salaried,400088,Abuja,677,Emergency,1511098,24.35,18,104391.69,1142791.96,368306.04000000004,Active,0
LOAN001078,CUST01078,53,Self-employed,1088144,Ibadan,576,Emergency,1875058,15.27,6,360229.89,697428.89,1177629.1099999999,Active,30
LOAN001079,CUST01079,50,Salaried,1323429,Ibadan,611,Education,436015,5.07,36,12725.58,277933.88,158081.12,Active,0
LOAN001080,CUST01080,25,Self-employed,686297,Abuja,716,Business,671519,19.17,36,22229.14,761833.7,0.0,Closed,0
LOAN001081,CUST01081,26,Salaried,145656,Port Harcourt,679,Personal,662039,5.78,12,58358.74,275780.7,386258.3,Defaulted,125
LOAN001082,CUST01082,58,Unemployed,1397237,Kano,786,Education,1776816,9.2,6,323380.51,1598186.51,178629.49,Active,20
LOAN001083,CUST01083,64,Salaried,730655,Abuja,528,Emergency,1529460,22.68,18,104241.2,1835352.0,0.0,Closed,0
LOAN001084,CUST01084,64,Salaried,1332370,Port Harcourt,499,Business,170090,17.52,6,33314.96,86191.87,83898.13,Delinquent,45
LOAN001085,CUST01085,59,Unemployed,586844,Port Harcourt,705,Business,1176985,18.15,36,38627.99,800107.39,376877.61,Active,30
LOAN001086,CUST01086,27,Salaried,977328,Ibadan,640,Business,613700,9.08,24,27892.66,642053.16,0.0,Closed,0
LOAN001087,CUST01087,29,Salaried,959961,Abuja,668,Emergency,1941983,14.58,24,92713.51,1270145.71,671837.29,Active,10
LOAN001088,CUST01088,56,Self-employed,428340,Abuja,850,Personal,94139,11.2,12,8723.55,47018.39,47120.61,Delinquent,74
LOAN001089,CUST01089,64,Salaried,350988,Lagos,672,Personal,564334,14.1,24,26829.38,151073.17,413260.82999999996,Active,10
LOAN001090,CUST01090,26,Salaried,842461,Abuja,650,Personal,280761,21.53,6,56868.14,336913.2,0.0,Closed,0
LOAN001091,CUST01091,52,Salaried,611316,Port Harcourt,607,Personal,1365720,16.99,6,266292.64,946427.97,419292.03,Defaulted,103
LOAN001092,CUST01092,39,Salaried,474299,Ibadan,814,Business,1643147,16.26,24,79596.78,1143437.23,499709.77,Delinquent,50
LOAN001093,CUST01093,24,Salaried,561304,Kano,834,Education,1501315,10.35,36,46019.48,129775.81,1371539.19,Active,0
LOAN001094,CUST01094,32,Salaried,265096,Ibadan,618,Emergency,1804232,13.31,6,340729.21,582429.28,1221802.72,Defaulted,93
LOAN001095,CUST01095,49,Salaried,359070,Abuja,720,Personal,651560,9.52,24,29732.85,404766.45,246793.55,Active,0
LOAN001096,CUST01096,23,Salaried,520857,Lagos,705,Business,641007,12.15,36,19969.15,173432.58,467574.42000000004,Active,20
LOAN001097,CUST01097,27,Salaried,423435,Port Harcourt,486,Education,752218,16.99,24,36667.49,902661.6,0.0,Closed,0
LOAN001098,CUST01098,18,Self-employed,780617,Abuja,570,Business,618523,23.32,18,42375.7,499093.54,119429.46000000002,Defaulted,99
LOAN001099,CUST01099,54,Salaried,721625,Ibadan,652,Education,986788,19.43,24,49105.04,866169.12,120618.88,Delinquent,38
LOAN001100,CUST01100,45,Salaried,353390,Ibadan,708,Emergency,317461,8.64,24,14370.4,177001.63,140459.37,Active,30
LOAN001101,CUST01101,42,Self-employed,1311946,Ibadan,627,Emergency,749327,7.76,12,67289.56,899192.4,0.0,Closed,0
LOAN001102,CUST01102,51,Salaried,1179834,Kano,494,Business,1166679,15.72,12,112506.74,1126927.19,39751.810000000056,Active,30
LOAN001103,CUST01103,26,Salaried,232976,Lagos,706,Personal,56010,9.07,6,10181.68,25936.5,30073.5,Active,30
LOAN001104,CUST01104,36,Salaried,782634,Ibadan,692,Business,1831172,22.34,12,186687.99,2188680.51,0.0,Closed,0
LOAN001105,CUST01105,65,Unemployed,1206580,Abuja,649,Personal,1964603,13.42,12,185687.73,1288941.83,675661.1699999999,Delinquent,34
LOAN001106,CUST01106,60,Salaried,350053,Kano,722,Personal,105253,18.92,24,5215.29,39457.0,65796.0,Active,0
LOAN001107,CUST01107,41,Self-employed,1049977,Abuja,595,Personal,1875522,8.16,12,169047.05,1903092.02,0.0,Closed,0
LOAN001108,CUST01108,48,Salaried,563898,Abuja,681,Education,1243663,21.62,24,63022.62,757375.04,486287.95999999996,Active,10
LOAN001109,CUST01109,21,Salaried,1036048,Lagos,642,Business,757446,13.88,6,143763.25,468847.01,288598.99,Active,10
LOAN001110,CUST01110,53,Salaried,1105487,Port Harcourt,620,Education,881291,21.65,24,44670.44,1057549.2,0.0,Closed,0
LOAN001111,CUST01111,65,Salaried,526713,Abuja,572,Emergency,378834,10.44,6,69730.71,243400.07,135433.93,Active,10
LOAN001112,CUST01112,62,Salaried,1348228,Ibadan,628,Emergency,872693,8.67,36,26343.21,849355.09,23337.910000000033,Active,0
LOAN001113,CUST01113,59,Self-employed,706806,Ibadan,808,Business,899556,21.55,12,91117.53,499422.78,400133.22,Active,20
LOAN001114,CUST01114,19,Salaried,616062,Abuja,577,Education,213176,12.25,18,13293.89,250669.59,0.0,Closed,0
LOAN001115,CUST01115,30,Salaried,391333,Kano,770,Business,186984,9.24,6,34043.55,35534.07,151449.93,Delinquent,50
LOAN001116,CUST01116,20,Unemployed,1388798,Lagos,744,Education,554019,10.38,36,16986.84,301724.87,252294.13,Active,30
LOAN001117,CUST01117,30,Unemployed,245477,Port Harcourt,757,Emergency,67781,24.61,18,4692.33,10775.07,57005.93,Defaulted,154
LOAN001118,CUST01118,50,Unemployed,796244,Abuja,737,Personal,1523578,18.49,18,100293.75,589089.03,934488.97,Active,0
LOAN001119,CUST01119,61,Self-employed,1281396,Ibadan,535,Personal,1050243,16.73,6,204324.78,792179.31,258063.68999999994,Active,10
LOAN001120,CUST01120,27,Salaried,1362718,Abuja,732,Education,1556725,9.63,12,142219.8,977450.67,579274.33,Delinquent,72
LOAN001121,CUST01121,20,Self-employed,988434,Ibadan,720,Business,760977,10.82,36,23425.41,594907.72,166069.28000000003,Delinquent,58
LOAN001122,CUST01122,54,Unemployed,487928,Ibadan,462,Personal,1322713,6.5,12,117390.78,1587255.6,0.0,Closed,0
LOAN001123,CUST01123,49,Salaried,81335,Lagos,662,Emergency,1875481,11.19,6,347557.89,2250577.2,0.0,Closed,0
LOAN001124,CUST01124,23,Salaried,707915,Lagos,490,Business,669935,8.23,18,40281.7,321813.18,348121.82,Active,20
LOAN001125,CUST01125,25,Salaried,1016244,Kano,760,Emergency,1042500,24.57,24,54110.09,722727.6,319772.4,Active,10
LOAN001126,CUST01126,46,Salaried,133031,Port Harcourt,831,Education,651096,13.02,36,20440.8,463407.98,187688.02000000002,Defaulted,106
LOAN001127,CUST01127,20,Salaried,833670,Kano,648,Personal,916531,15.12,18,58617.25,288384.0,628147.0,Delinquent,74
LOAN001128,CUST01128,54,Self-employed,563418,Ibadan,693,Personal,1226083,5.16,6,214891.48,458900.76,767182.24,Active,10
LOAN001129,CUST01129,47,Salaried,517772,Ibadan,599,Emergency,1019468,18.38,18,67047.01,1035846.99,0.0,Closed,0
LOAN001130,CUST01130,43,Salaried,278839,Port Harcourt,673,Personal,1584649,7.17,24,70761.18,0.0,1584649.0,Delinquent,43
LOAN001131,CUST01131,20,Salaried,715394,Kano,698,Business,1317454,14.73,24,62979.79,1160705.39,156748.6100000001,Active,30
LOAN001132,CUST01132,56,Salaried,1035593,Ibadan,521,Personal,497679,11.4,6,92402.4,557766.1,0.0,Closed,0
LOAN001133,CUST01133,61,Self-employed,808105,Ibadan,793,Education,1042811,9.27,12,94956.63,994909.3,47901.69999999995,Delinquent,79
LOAN001134,CUST01134,63,Self-employed,578631,Ibadan,688,Emergency,225303,7.83,18,13496.9,48760.91,176542.09,Active,20
LOAN001135,CUST01135,39,Salaried,1150539,Port Harcourt,640,Business,1922910,10.19,6,353142.42,1151334.77,771575.23,Active,30
LOAN001136,CUST01136,62,Salaried,466505,Ibadan,591,Education,928918,14.63,36,29578.3,793577.38,135340.62,Active,10
LOAN001137,CUST01137,38,Salaried,1246041,Port Harcourt,654,Personal,70827,16.22,36,2286.53,38762.74,32064.260000000002,Active,10
LOAN001138,CUST01138,34,Self-employed,365634,Kano,519,Personal,359301,14.99,18,22953.35,152281.18,207019.82,Active,30
LOAN001139,CUST01139,20,Unemployed,994890,Abuja,512,Business,1847819,7.51,24,82774.59,1762471.91,85347.09000000008,Active,0
LOAN001140,CUST01140,30,Self-employed,931173,Kano,705,Personal,1674001,8.32,24,75553.25,1590123.09,83877.90999999992,Active,10
LOAN001141,CUST01141,62,Self-employed,826483,Ibadan,568,Emergency,83955,11.04,18,5179.09,19499.22,64455.78,Active,0
LOAN001142,CUST01142,51,Salaried,918333,Port Harcourt,532,Personal,788640,21.56,24,39944.62,873996.73,0.0,Closed,0
LOAN001143,CUST01143,42,Salaried,418708,Port Harcourt,705,Emergency,832492,8.54,36,25099.63,508385.15,324106.85,Active,30
LOAN001144,CUST01144,23,Salaried,1379819,Lagos,619,Emergency,1351023,23.76,6,278671.01,1330780.83,20242.169999999925,Defaulted,103
LOAN001145,CUST01145,50,Salaried,267422,Kano,820,Personal,1626485,17.48,36,53077.63,928311.34,698173.66,Active,30
LOAN001146,CUST01146,53,Salaried,1450289,Ibadan,767,Personal,932147,9.24,24,42428.22,1118576.4,0.0,Closed,0
LOAN001147,CUST01147,18,Self-employed,460119,Port Harcourt,553,Business,310970,12.01,24,14513.23,241186.91,69783.09,Active,30
LOAN001148,CUST01148,44,Salaried,1114432,Abuja,712,Personal,1894669,18.17,18,124385.02,948976.57,945692.43,Delinquent,81
LOAN001149,CUST01149,65,Salaried,919388,Kano,818,Education,105043,8.07,18,6306.67,91967.19,13075.809999999998,Delinquent,64
LOAN001150,CUST01150,30,Salaried,752734,Kano,469,Emergency,1249964,24.86,12,130058.75,1181384.76,68579.23999999999,Active,30
LOAN001151,CUST01151,64,Self-employed,158173,Abuja,530,Emergency,1261846,13.58,24,59716.86,1344603.27,0.0,Closed,0
LOAN001152,CUST01152,58,Salaried,717156,Port Harcourt,680,Business,967297,9.62,12,88362.58,614048.47,353248.53,Active,30
LOAN001153,CUST01153,58,Salaried,726131,Kano,850,Business,245591,5.51,6,43187.18,294709.2,0.0,Closed,0
LOAN001154,CUST01154,65,Self-employed,108339,Abuja,628,Emergency,1190163,23.41,6,244796.69,1109252.05,80910.94999999995,Active,0
LOAN001155,CUST01155,64,Self-employed,1380565,Ibadan,756,Education,801034,8.73,12,72580.36,729222.66,71811.33999999997,Active,10
LOAN001156,CUST01156,25,Salaried,1432563,Ibadan,850,Personal,223986,23.7,6,46178.45,146441.98,77544.01999999999,Active,0
LOAN001157,CUST01157,31,Salaried,274556,Ibadan,709,Personal,599442,22.89,6,122775.71,490955.72,108486.28000000003,Active,20
LOAN001158,CUST01158,42,Self-employed,1079779,Port Harcourt,700,Emergency,917686,6.47,6,162843.38,871597.31,46088.689999999944,Active,30
LOAN001159,CUST01159,58,Salaried,387858,Kano,575,Personal,71265,23.07,36,2436.27,71384.88,0.0,Closed,0
LOAN001160,CUST01160,28,Unemployed,295801,Kano,517,Education,777258,14.68,36,24759.99,452760.15,324497.85,Active,0
LOAN001161,CUST01161,31,Salaried,305000,Port Harcourt,743,Personal,111981,15.72,36,3599.57,98750.49,13230.509999999995,Active,10
LOAN001162,CUST01162,30,Salaried,504993,Lagos,850,Education,340591,9.4,12,31050.55,302217.25,38373.75,Active,30
LOAN001163,CUST01163,30,Self-employed,1206573,Port Harcourt,730,Business,1029461,19.9,24,51430.16,770367.49,259093.51,Active,30
LOAN001164,CUST01164,28,Self-employed,464976,Abuja,603,Emergency,1910834,19.35,24,95024.18,807307.75,1103526.25,Active,20
LOAN001165,CUST01165,24,Self-employed,959055,Kano,751,Emergency,938641,16.93,18,60975.16,899838.83,38802.17000000004,Delinquent,70
LOAN001166,CUST01166,50,Salaried,950334,Port Harcourt,641,Emergency,790117,12.48,6,148120.6,522907.27,267209.73,Active,0
LOAN001167,CUST01167,25,Self-employed,665458,Abuja,607,Education,1889730,17.9,36,61888.66,556786.03,1332943.97,Active,0
LOAN001168,CUST01168,60,Self-employed,950489,Port Harcourt,719,Education,800244,9.91,12,73295.68,813940.14,0.0,Closed,0
LOAN001169,CUST01169,47,Self-employed,354170,Kano,655,Education,306489,5.19,6,53732.63,275901.31,30587.690000000002,Delinquent,44
LOAN001170,CUST01170,53,Salaried,537899,Port Harcourt,570,Personal,858642,10.67,12,79188.26,645800.92,212841.07999999996,Active,0
LOAN001171,CUST01171,30,Self-employed,1253657,Abuja,700,Personal,934474,18.64,24,46194.16,896766.6,37707.40000000002,Active,20
LOAN001172,CUST01172,55,Salaried,1085855,Ibadan,586,Business,625490,13.42,6,118238.46,561443.36,64046.640000000014,Active,20
LOAN001173,CUST01173,36,Salaried,1258827,Abuja,781,Emergency,87405,17.87,36,2861.79,9089.87,78315.13,Defaulted,149
LOAN001174,CUST01174,48,Self-employed,127611,Lagos,546,Emergency,1975257,15.55,18,126800.53,1197694.64,777562.3600000001,Active,0
LOAN001175,CUST01175,49,Salaried,681239,Kano,602,Personal,1630607,11.92,6,304162.56,1562192.72,68414.28000000003,Active,20
LOAN001176,CUST01176,41,Salaried,874867,Kano,724,Personal,1003327,14.87,6,192086.95,1071534.09,0.0,Closed,0
LOAN001177,CUST01177,64,Salaried,111421,Ibadan,486,Business,1781107,5.21,6,312317.11,1701083.28,80023.71999999997,Defaulted,178
LOAN001178,CUST01178,52,Salaried,406917,Lagos,681,Personal,1568564,23.05,18,107228.78,1746726.51,0.0,Closed,0
LOAN001179,CUST01179,62,Self-employed,594604,Kano,667,Emergency,140337,7.22,18,8359.41,89705.78,50631.22,Active,20
LOAN001180,CUST01180,27,Self-employed,616046,Kano,699,Emergency,1989568,7.76,24,89331.6,431993.77,1557574.23,Active,20
LOAN001181,CUST01181,35,Salaried,1385683,Port Harcourt,487,Emergency,306635,15.44,12,29498.29,135283.85,171351.15,Active,30
LOAN001182,CUST01182,60,Salaried,523600,Abuja,783,Personal,1656842,10.92,6,306294.86,485938.91,1170903.09,Active,10
LOAN001183,CUST01183,30,Unemployed,207589,Ibadan,834,Personal,176388,9.25,12,16058.66,98992.65,77395.35,Active,30
LOAN001184,CUST01184,37,Salaried,763975,Ibadan,445,Business,1288416,20.23,36,43029.52,759211.45,529204.55,Delinquent,79
LOAN001185,CUST01185,57,Salaried,1108037,Kano,798,Business,322756,9.38,18,19612.81,133957.51,188798.49,Active,30
LOAN001186,CUST01186,59,Salaried,889290,Lagos,584,Business,632669,13.46,18,39879.24,444912.17,187756.83000000002,Defaulted,163
LOAN001187,CUST01187,35,Self-employed,1016690,Lagos,710,Emergency,1612432,7.2,6,288087.85,1286729.55,325702.44999999995,Delinquent,42
LOAN001188,CUST01188,23,Salaried,1438074,Port Harcourt,823,Emergency,788106,10.31,36,24148.88,855268.11,0.0,Closed,0
LOAN001189,CUST01189,41,Salaried,494734,Lagos,490,Personal,1103169,13.62,18,69634.48,708311.06,394857.93999999994,Active,20
LOAN001190,CUST01190,56,Salaried,1410258,Port Harcourt,681,Emergency,1996198,13.45,18,125815.92,1249541.0,746657.0,Active,10
LOAN001191,CUST01191,25,Salaried,1137621,Lagos,535,Personal,1478497,6.0,12,130600.57,681398.35,797098.65,Defaulted,118
LOAN001192,CUST01192,43,Salaried,1256345,Ibadan,644,Personal,188091,15.64,18,12083.8,160467.27,27623.73000000001,Active,30
LOAN001193,CUST01193,40,Self-employed,511139,Port Harcourt,558,Education,1894503,18.83,24,93801.58,1439517.45,454985.55000000005,Active,10
LOAN001194,CUST01194,62,Salaried,56515,Abuja,539,Business,1105371,23.16,36,37815.97,752624.77,352746.23,Active,20
LOAN001195,CUST01195,27,Self-employed,710838,Lagos,774,Emergency,399480,8.75,24,18101.44,406294.94,0.0,Closed,0
LOAN001196,CUST01196,56,Salaried,947418,Port Harcourt,538,Emergency,422276,24.49,6,87615.23,82826.75,339449.25,Active,0
LOAN001197,CUST01197,54,Salaried,1272972,Port Harcourt,571,Business,1881272,9.95,6,344743.09,566340.42,1314931.58,Active,0
LOAN001198,CUST01198,46,Salaried,1151569,Ibadan,476,Education,1633333,7.93,6,293809.38,1184115.15,449217.8500000001,Active,20
LOAN001199,CUST01199,37,Salaried,1194447,Port Harcourt,529,Emergency,1070250,10.07,24,49084.34,506701.36,563548.64,Active,20
LOAN001200,CUST01200,32,Salaried,286477,Abuja,658,Education,1139069,19.56,6,226978.48,925129.29,213939.70999999996,Active,30
LOAN001201,CUST01201,30,Salaried,1094029,Ibadan,671,Personal,1261281,19.82,24,62969.45,672866.59,588414.41,Active,0
LOAN001202,CUST01202,29,Self-employed,624460,Port Harcourt,617,Education,1473549,15.9,24,71160.14,863493.78,610055.22,Defaulted,157
LOAN001203,CUST01203,37,Salaried,744567,Abuja,810,Personal,925129,23.91,18,63684.85,1110154.8,0.0,Closed,0
LOAN001204,CUST01204,54,Salaried,1265334,Port Harcourt,749,Education,769898,21.68,6,156135.31,277260.0,492638.0,Active,30
LOAN001205,CUST01205,51,Unemployed,281086,Port Harcourt,512,Business,1096325,23.54,12,112866.66,1089110.05,7214.949999999953,Active,10
LOAN001206,CUST01206,36,Salaried,686790,Kano,834,Personal,185510,21.0,6,37411.18,184699.93,810.070000000007,Active,10
LOAN001207,CUST01207,40,Salaried,161554,Port Harcourt,539,Business,60675,13.61,6,11488.81,25073.13,35601.869999999995,Active,10
LOAN001208,CUST01208,45,Self-employed,230362,Kano,682,Personal,349146,24.92,12,36346.1,368453.23,0.0,Closed,0
LOAN001209,CUST01209,42,Salaried,659856,Ibadan,690,Emergency,1042325,23.66,12,107411.59,954189.0,88136.0,Delinquent,71
LOAN001210,CUST01210,61,Self-employed,255811,Port Harcourt,490,Business,1979786,11.04,18,122130.8,1716887.79,262898.20999999996,Active,30
LOAN001211,CUST01211,30,Self-employed,1483028,Port Harcourt,790,Education,574330,7.71,36,17183.63,611199.29,0.0,Closed,0
LOAN001212,CUST01212,24,Salaried,229511,Abuja,644,Emergency,1994308,17.57,36,65130.78,1358488.26,635819.74,Active,30
LOAN001213,CUST01213,44,Salaried,706954,Ibadan,711,Emergency,1486891,19.25,24,73879.9,432191.26,1054699.74,Active,30
LOAN001214,CUST01214,57,Unemployed,108034,Port Harcourt,642,Business,105411,24.15,24,5452.82,97148.59,8262.410000000003,Active,10
LOAN001215,CUST01215,36,Salaried,1267024,Lagos,609,Emergency,316914,17.42,36,10336.68,344582.5,0.0,Closed,0
LOAN001216,CUST01216,23,Salaried,314106,Lagos,527,Education,62484,14.26,36,1983.17,57446.65,5037.3499999999985,Active,0
LOAN001217,CUST01217,21,Salaried,1412897,Lagos,629,Personal,1296420,6.95,18,77028.96,963154.96,333265.04000000004,Active,20
LOAN001218,CUST01218,37,Salaried,480051,Port Harcourt,605,Personal,1228702,19.81,24,61337.83,1004577.39,224124.61,Active,10
LOAN001219,CUST01219,51,Self-employed,1067024,Lagos,749,Business,470898,7.29,6,84204.41,334600.45,136297.55,Active,0
LOAN001220,CUST01220,37,Salaried,478434,Ibadan,457,Emergency,101708,21.65,24,5155.32,62954.27,38753.73,Active,0
LOAN001221,CUST01221,57,Self-employed,435968,Ibadan,815,Personal,1815216,21.95,18,122980.88,2178259.2,0.0,Closed,0
LOAN001222,CUST01222,48,Salaried,956711,Ibadan,732,Education,95419,8.7,12,8643.37,34572.33,60846.67,Active,10
LOAN001223,CUST01223,47,Self-employed,657018,Ibadan,681,Emergency,1284727,14.86,18,81979.86,769689.67,515037.32999999996,Active,0
LOAN001224,CUST01224,20,Salaried,360727,Kano,621,Emergency,1008571,7.4,24,45133.55,845452.03,163118.96999999997,Active,20
LOAN001225,CUST01225,35,Unemployed,139405,Lagos,567,Business,793916,24.26,24,41105.0,408763.77,385152.23,Delinquent,60
LOAN001226,CUST01226,42,Salaried,800251,Kano,550,Personal,1855694,15.06,18,118620.08,881718.95,973975.05,Defaulted,157
LOAN001227,CUST01227,35,Self-employed,415946,Port Harcourt,564,Emergency,787918,18.12,36,25852.47,575059.2,212858.80000000005,Active,10
LOAN001228,CUST01228,54,Unemployed,193046,Kano,828,Education,1402944,14.67,24,67031.5,1339272.26,63671.73999999999,Active,10
LOAN001229,CUST01229,22,Self-employed,321417,Lagos,678,Personal,1284912,24.1,18,88587.54,740088.79,544823.21,Active,30
LOAN001230,CUST01230,64,Salaried,383823,Abuja,706,Personal,1445153,7.12,24,64502.0,1300501.18,144651.82000000007,Active,10
LOAN001231,CUST01231,57,Self-employed,414900,Port Harcourt,739,Personal,855481,20.12,24,42816.82,661104.24,194376.76,Defaulted,97
LOAN001232,CUST01232,29,Self-employed,128471,Port Harcourt,501,Personal,202843,13.83,18,12827.57,181478.5,21364.5,Active,0
LOAN001233,CUST01233,30,Salaried,992690,Port Harcourt,756,Emergency,1386715,16.48,12,134603.8,1401617.78,0.0,Closed,0
LOAN001234,CUST01234,23,Self-employed,967535,Kano,654,Personal,522900,9.02,12,47505.47,272438.31,250461.69,Active,10
LOAN001235,CUST01235,44,Unemployed,1369351,Kano,624,Personal,251758,9.07,12,22882.7,240428.56,11329.440000000002,Delinquent,54
LOAN001236,CUST01236,49,Salaried,764523,Abuja,850,Business,1580872,24.15,36,54518.13,1694526.29,0.0,Closed,0
LOAN001237,CUST01237,26,Self-employed,1246152,Lagos,484,Emergency,1100359,12.04,36,34245.62,565809.21,534549.79,Delinquent,85
LOAN001238,CUST01238,24,Self-employed,946557,Lagos,736,Emergency,1882862,6.42,6,333956.96,1583761.05,299100.94999999995,Active,20
LOAN001239,CUST01239,34,Salaried,533547,Ibadan,824,Education,1183590,11.62,12,110093.6,805717.16,377872.83999999997,Delinquent,49
LOAN001240,CUST01240,51,Self-employed,192507,Kano,733,Education,381062,24.36,6,78981.45,132768.96,248293.04,Active,10
LOAN001241,CUST01241,59,Self-employed,887224,Lagos,850,Personal,1194922,18.95,6,236893.29,679004.57,515917.43000000005,Active,20
LOAN001242,CUST01242,26,Salaried,758932,Abuja,558,Education,470502,11.69,6,87583.95,564602.4,0.0,Closed,0
LOAN001243,CUST01243,57,Unemployed,1441116,Lagos,753,Education,180712,9.71,6,33043.19,105740.53,74971.47,Delinquent,67
LOAN001244,CUST01244,26,Unemployed,198400,Port Harcourt,644,Personal,1304406,19.79,6,260424.66,826811.84,477594.16000000003,Delinquent,61
LOAN001245,CUST01245,32,Salaried,268232,Lagos,419,Personal,1114523,9.5,18,67800.15,844381.04,270141.95999999996,Active,20
LOAN001246,CUST01246,61,Self-employed,105267,Lagos,567,Emergency,1751551,8.92,36,52994.15,1306391.99,445159.01,Delinquent,74
LOAN001247,CUST01247,26,Salaried,159346,Lagos,823,Emergency,841104,18.91,24,41673.2,506397.73,334706.27,Delinquent,66
LOAN001248,CUST01248,33,Self-employed,297448,Abuja,747,Personal,1944884,12.35,12,182089.76,725534.95,1219349.05,Active,0
LOAN001249,CUST01249,64,Salaried,1284420,Abuja,616,Personal,916261,19.95,36,30529.31,610514.89,305746.11,Active,0
LOAN001250,CUST01250,36,Salaried,210666,Abuja,690,Emergency,969718,8.61,6,175535.12,957219.86,12498.140000000014,Active,10
LOAN001251,CUST01251,49,Self-employed,1053909,Port Harcourt,766,Business,1426969,6.54,18,84460.71,1314500.87,112468.12999999989,Defaulted,116
LOAN001252,CUST01252,51,Self-employed,980174,Port Harcourt,576,Education,819515,20.6,18,54907.5,533182.59,286332.41000000003,Delinquent,46
LOAN001253,CUST01253,49,Salaried,1185438,Port Harcourt,550,Personal,163241,11.93,24,7613.15,69288.43,93952.57,Delinquent,70
LOAN001254,CUST01254,37,Unemployed,476885,Kano,799,Business,1814596,24.52,12,188294.58,2177515.2,0.0,Closed,0
LOAN001255,CUST01255,46,Salaried,307421,Ibadan,491,Personal,1762072,20.76,6,354646.36,607346.91,1154725.0899999999,Defaulted,179
LOAN001256,CUST01256,21,Salaried,94647,Port Harcourt,715,Emergency,120791,10.41,36,3704.59,108054.78,12736.220000000001,Active,0
LOAN001257,CUST01257,29,Salaried,1088839,Ibadan,619,Personal,852345,12.69,6,160084.6,779610.27,72734.72999999998,Active,30
LOAN001258,CUST01258,34,Salaried,1434964,Kano,689,Business,1185710,20.26,6,237655.81,844656.79,341053.20999999996,Defaulted,133
LOAN001259,CUST01259,21,Salaried,107346,Lagos,383,Emergency,1789041,17.43,24,87536.29,1387880.58,401160.4199999999,Delinquent,78
LOAN001260,CUST01260,51,Salaried,1471805,Port Harcourt,547,Business,1171475,14.27,36,37184.57,797844.89,373630.11,Delinquent,80
LOAN001261,CUST01261,23,Salaried,849625,Abuja,850,Education,1989154,9.76,6,363882.57,1596422.25,392731.75,Active,20
LOAN001262,CUST01262,59,Salaried,757856,Kano,612,Personal,130963,17.31,18,8535.15,112660.2,18302.800000000003,Active,20
LOAN001263,CUST01263,29,Salaried,310689,Ibadan,707,Emergency,1435748,11.42,18,88872.8,1473853.4,0.0,Closed,0
LOAN001264,CUST01264,44,Salaried,86210,Lagos,722,Personal,1028194,5.74,18,60400.69,900727.09,127466.91000000003,Active,10
LOAN001265,CUST01265,46,Self-employed,629748,Abuja,514,Education,1206470,11.28,6,223759.97,1447764.0,0.0,Closed,0
LOAN001266,CUST01266,32,Salaried,629116,Lagos,538,Personal,1087941,7.54,12,97497.65,970540.88,117400.12,Active,0
LOAN001267,CUST01267,21,Self-employed,436411,Port Harcourt,539,Education,1854746,13.81,18,117271.47,1700159.96,154586.04000000004,Active,10
LOAN001268,CUST01268,33,Self-employed,83802,Port Harcourt,614,Personal,1848287,21.99,36,62631.26,1154791.15,693495.8500000001,Delinquent,69
LOAN001269,CUST01269,31,Salaried,212485,Port Harcourt,760,Education,287361,15.22,12,27591.45,299644.25,0.0,Closed,0
LOAN001270,CUST01270,56,Salaried,1478194,Port Harcourt,656,Education,1396134,13.53,18,88057.27,525343.98,870790.02,Active,20
LOAN001271,CUST01271,41,Self-employed,905926,Lagos,498,Education,835835,14.41,18,53126.6,448948.75,386886.25,Active,10
LOAN001272,CUST01272,63,Unemployed,364705,Kano,612,Education,103551,7.12,12,9243.65,70921.55,32629.449999999997,Delinquent,63
LOAN001273,CUST01273,42,Salaried,500612,Lagos,701,Personal,1271981,5.65,12,111987.33,1526377.2,0.0,Closed,0
LOAN001274,CUST01274,51,Salaried,520980,Lagos,582,Emergency,1254686,17.61,24,61484.84,422471.28,832214.72,Active,0
LOAN001275,CUST01275,54,Salaried,1432437,Port Harcourt,850,Business,974880,11.34,12,90452.62,1029877.84,0.0,Closed,0
LOAN001276,CUST01276,62,Salaried,739301,Abuja,424,Emergency,1659864,24.55,12,172280.05,455143.02,1204720.98,Active,0
LOAN001277,CUST01277,41,Salaried,909676,Ibadan,696,Business,788165,16.21,6,152654.42,945798.0,0.0,Closed,0
LOAN001278,CUST01278,44,Self-employed,991554,Kano,714,Business,531848,16.39,12,51584.82,260346.07,271501.93,Defaulted,121
LOAN001279,CUST01279,50,Salaried,1319921,Abuja,650,Emergency,651641,11.83,6,121455.02,0.0,651641.0,Active,30
LOAN001280,CUST01280,44,Self-employed,1376720,Port Harcourt,760,Emergency,465454,23.0,24,23854.52,394866.2,70587.79999999999,Active,0
LOAN001281,CUST01281,26,Salaried,261802,Kano,660,Emergency,121461,21.68,6,24632.29,54151.11,67309.89,Active,0
LOAN001282,CUST01282,39,Salaried,935750,Port Harcourt,680,Personal,893720,18.94,12,88582.55,422168.85,471551.15,Delinquent,38
LOAN001283,CUST01283,46,Salaried,144870,Ibadan,601,Education,1980897,12.1,24,92524.4,953596.1,1027300.9,Defaulted,170
LOAN001284,CUST01284,23,Self-employed,1050563,Abuja,728,Personal,1588141,8.67,36,47939.8,716657.17,871483.83,Defaulted,155
LOAN001285,CUST01285,38,Salaried,1294771,Ibadan,621,Business,1463285,17.99,24,71938.75,1474311.34,0.0,Closed,0
LOAN001286,CUST01286,39,Self-employed,1116752,Lagos,476,Emergency,635733,23.9,6,131278.86,484092.5,151640.5,Active,30
LOAN001287,CUST01287,45,Salaried,648227,Kano,643,Education,718107,20.15,12,71900.46,474020.28,244086.71999999997,Active,10
LOAN001288,CUST01288,28,Self-employed,1256151,Lagos,516,Education,709276,6.99,18,42158.58,851131.2,0.0,Closed,0
LOAN001289,CUST01289,34,Salaried,624301,Kano,769,Personal,518993,22.71,18,35380.91,617214.07,0.0,Closed,0
LOAN001290,CUST01290,28,Self-employed,535856,Lagos,850,Personal,345704,6.92,36,10267.41,288383.14,57320.859999999986,Delinquent,79
LOAN001291,CUST01291,54,Salaried,1182105,Ibadan,696,Emergency,459222,5.13,6,80463.35,395680.21,63541.78999999998,Active,20
LOAN001292,CUST01292,25,Salaried,1142393,Ibadan,796,Emergency,1001791,10.9,6,185164.37,735378.51,266412.49,Delinquent,89
LOAN001293,CUST01293,64,Salaried,1084431,Lagos,574,Education,1862993,7.74,18,111510.48,2010059.1,0.0,Closed,0
LOAN001294,CUST01294,35,Self-employed,215815,Ibadan,625,Personal,516494,19.55,18,34303.81,182955.52,333538.48,Active,20
LOAN001295,CUST01295,38,Salaried,1492709,Abuja,642,Personal,1989299,5.77,6,350680.26,1014519.48,974779.52,Defaulted,156
LOAN001296,CUST01296,32,Self-employed,1380636,Abuja,595,Education,565718,7.74,24,25396.02,634300.81,0.0,Closed,0
LOAN001297,CUST01297,58,Salaried,1035903,Lagos,656,Business,1756806,8.74,24,79597.95,1295034.79,461771.20999999996,Active,10
LOAN001298,CUST01298,63,Salaried,56706,Abuja,380,Personal,1079053,16.15,12,104443.34,1083940.32,0.0,Closed,0
LOAN001299,CUST01299,48,Self-employed,926943,Kano,675,Business,1336347,12.61,36,41801.68,759031.61,577315.39,Active,20
LOAN001300,CUST01300,49,Self-employed,679356,Ibadan,590,Education,1885089,10.84,24,87059.69,2092493.44,0.0,Closed,0
LOAN001301,CUST01301,38,Salaried,1189620,Abuja,724,Emergency,252444,9.38,18,15340.18,47215.66,205228.34,Active,30
LOAN001302,CUST01302,48,Salaried,292890,Ibadan,507,Emergency,718794,18.21,18,47204.8,402087.1,316706.9,Active,10
LOAN001303,CUST01303,44,Salaried,1491208,Lagos,627,Education,660124,10.36,12,60709.4,371449.39,288674.61,Delinquent,81
LOAN001304,CUST01304,21,Self-employed,598625,Port Harcourt,385,Emergency,912409,12.83,24,42894.63,518774.41,393634.59,Active,20
LOAN001305,CUST01305,44,Salaried,509167,Abuja,802,Business,1766570,5.91,24,77957.26,1800346.57,0.0,Closed,0
LOAN001306,CUST01306,56,Salaried,1174100,Kano,513,Personal,1361320,7.21,36,40540.87,1287068.98,74251.02000000002,Active,10
LOAN001307,CUST01307,22,Self-employed,94287,Lagos,649,Business,239273,20.61,18,16032.62,164991.3,74281.70000000001,Defaulted,160
LOAN001308,CUST01308,36,Salaried,809374,Abuja,730,Education,379237,21.76,24,19239.96,352553.25,26683.75,Delinquent,45
LOAN001309,CUST01309,51,Salaried,745210,Lagos,659,Emergency,1209622,19.67,6,241259.11,640794.67,568827.33,Active,0
LOAN001310,CUST01310,20,Salaried,1066908,Port Harcourt,824,Personal,643682,11.03,12,59556.68,571064.45,72617.55000000005,Active,10
LOAN001311,CUST01311,22,Self-employed,842423,Kano,744,Emergency,325132,21.37,18,21922.93,312566.29,12565.710000000021,Delinquent,35
LOAN001312,CUST01312,30,Salaried,92266,Kano,819,Education,1791163,15.83,12,172892.01,1388416.4,402746.6000000001,Active,30
LOAN001313,CUST01313,34,Salaried,728904,Kano,546,Emergency,1609197,5.47,18,94290.0,1404714.47,204482.53000000003,Active,0
LOAN001314,CUST01314,53,Salaried,839747,Port Harcourt,733,Emergency,245165,9.45,24,11180.55,287090.91,0.0,Closed,0
LOAN001315,CUST01315,64,Unemployed,646478,Ibadan,592,Education,1168209,15.13,24,56039.96,720886.35,447322.65,Active,30
LOAN001316,CUST01316,46,Self-employed,1196264,Port Harcourt,705,Emergency,998479,9.48,6,182189.13,837696.59,160782.41000000003,Active,10
LOAN001317,CUST01317,31,Salaried,1231018,Ibadan,687,Business,701396,11.65,6,130518.11,567561.0,133835.0,Active,10
LOAN001318,CUST01318,64,Salaried,225927,Kano,778,Business,1342870,21.76,36,45418.85,1611444.0,0.0,Closed,0
LOAN001319,CUST01319,38,Self-employed,173591,Kano,762,Emergency,578532,13.24,18,36396.09,466985.64,111546.35999999999,Delinquent,33
LOAN001320,CUST01320,59,Salaried,61684,Abuja,697,Education,488774,20.1,24,24459.07,215179.25,273594.75,Active,20
LOAN001321,CUST01321,24,Self-employed,1017567,Ibadan,623,Personal,1128840,16.1,6,218430.54,1354608.0,0.0,Closed,0
LOAN001322,CUST01322,25,Salaried,837870,Lagos,571,Emergency,78572,8.24,6,14174.39,38948.91,39623.09,Active,30
LOAN001323,CUST01323,44,Salaried,1088477,Ibadan,555,Personal,1734335,15.49,12,166915.29,733814.64,1000520.36,Delinquent,66
LOAN001324,CUST01324,54,Salaried,672332,Abuja,481,Business,667031,19.4,18,44246.39,426131.13,240899.87,Active,20
LOAN001325,CUST01325,48,Salaried,658586,Ibadan,758,Business,478787,21.06,18,32201.09,361333.61,117453.39000000001,Active,20
LOAN001326,CUST01326,18,Unemployed,742431,Port Harcourt,832,Emergency,1560222,24.92,12,162419.11,745276.15,814945.85,Active,30
LOAN001327,CUST01327,30,Salaried,425863,Lagos,773,Emergency,190609,24.87,6,39668.91,172165.22,18443.78,Active,10
LOAN001328,CUST01328,40,Salaried,744230,Lagos,752,Business,1360662,14.37,12,129682.43,751969.36,608692.64,Active,10
LOAN001329,CUST01329,57,Salaried,625837,Ibadan,756,Education,1961576,22.36,36,66671.79,828608.6,1132967.4,Delinquent,54
LOAN001330,CUST01330,35,Salaried,1226737,Abuja,716,Education,1432794,9.05,36,43401.72,1148458.61,284335.3899999999,Active,10
LOAN001331,CUST01331,65,Salaried,1232080,Kano,542,Emergency,1721187,15.45,24,82796.27,683864.8,1037322.2,Active,20
LOAN001332,CUST01332,27,Salaried,488947,Abuja,536,Emergency,1692835,9.64,12,154668.69,1572928.9,119906.1000000001,Active,10
LOAN001333,CUST01333,45,Salaried,50517,Ibadan,485,Education,1928950,24.4,12,199967.82,1714763.03,214186.96999999997,Active,30
LOAN001334,CUST01334,42,Salaried,684510,Ibadan,502,Emergency,295988,9.82,24,13543.92,297305.82,0.0,Closed,0
LOAN001335,CUST01335,31,Salaried,794471,Abuja,725,Education,1144683,11.34,6,212415.01,1048174.75,96508.25,Delinquent,84
LOAN001336,CUST01336,59,Self-employed,349649,Port Harcourt,719,Business,1225424,13.83,18,77494.45,662915.73,562508.27,Active,30
LOAN001337,CUST01337,57,Self-employed,103048,Kano,585,Business,1843845,14.32,18,117104.64,1526948.3,316896.69999999995,Delinquent,44
LOAN001338,CUST01338,18,Salaried,852071,Kano,414,Education,1617890,24.91,12,168408.87,723898.34,893991.66,Active,10
LOAN001339,CUST01339,35,Salaried,738812,Lagos,462,Education,823571,23.32,36,28211.88,704066.74,119504.26000000001,Defaulted,167
LOAN001340,CUST01340,54,Salaried,1395688,Lagos,618,Emergency,142101,24.91,18,9861.02,110640.3,31460.699999999997,Active,0
LOAN001341,CUST01341,41,Self-employed,1324116,Lagos,613,Business,1078234,8.48,36,32490.78,1028357.95,49876.05000000005,Delinquent,33
LOAN001342,CUST01342,38,Self-employed,421002,Lagos,737,Education,326086,6.66,6,57967.22,212336.01,113749.98999999999,Active,0
LOAN001343,CUST01343,55,Self-employed,457229,Port Harcourt,687,Personal,1596552,5.33,18,93424.9,1357895.27,238656.72999999998,Delinquent,41
LOAN001344,CUST01344,64,Salaried,1443547,Port Harcourt,465,Personal,1806819,18.35,6,356395.05,1609478.73,197340.27000000002,Active,10
LOAN001345,CUST01345,37,Salaried,411937,Port Harcourt,723,Education,627818,17.17,36,20433.73,613401.17,14416.829999999958,Active,0
LOAN001346,CUST01346,23,Salaried,296865,Lagos,620,Personal,1241545,21.72,6,251868.1,552481.39,689063.61,Active,30
LOAN001347,CUST01347,18,Self-employed,432732,Abuja,633,Education,439354,11.35,6,81536.78,324334.56,115019.44,Delinquent,81
LOAN001348,CUST01348,30,Salaried,1015422,Abuja,821,Education,1568918,23.86,18,107958.99,1333828.17,235089.83000000007,Delinquent,72
LOAN001349,CUST01349,54,Salaried,161852,Port Harcourt,492,Emergency,652043,8.56,12,58988.16,700639.78,0.0,Closed,0
LOAN001350,CUST01350,62,Self-employed,523873,Ibadan,809,Education,622101,22.67,12,63594.27,582672.86,39428.140000000014,Defaulted,123
LOAN001351,CUST01351,20,Salaried,243802,Kano,780,Emergency,1263613,12.27,36,39407.18,1094342.63,169270.3700000001,Active,10
LOAN001352,CUST01352,40,Salaried,376535,Port Harcourt,772,Business,491791,24.88,24,25589.53,590149.2,0.0,Closed,0
LOAN001353,CUST01353,34,Self-employed,767605,Abuja,775,Emergency,1106472,16.03,18,71324.41,912609.89,193862.11,Active,10
LOAN001354,CUST01354,55,Salaried,597033,Port Harcourt,652,Education,291797,15.34,12,28046.55,231531.1,60265.899999999994,Active,30
LOAN001355,CUST01355,40,Salaried,1232310,Lagos,837,Business,1283944,23.03,18,87757.57,827599.14,456344.86,Delinquent,71
LOAN001356,CUST01356,37,Salaried,933756,Abuja,833,Emergency,756052,17.96,6,148639.82,381406.61,374645.39,Active,20
LOAN001357,CUST01357,64,Salaried,1196676,Ibadan,482,Emergency,95612,13.78,36,3021.87,86046.9,9565.100000000006,Active,30
LOAN001358,CUST01358,20,Salaried,560842,Abuja,397,Personal,832688,17.02,24,40600.48,716357.15,116330.84999999998,Active,20
LOAN001359,CUST01359,50,Salaried,932871,Abuja,756,Education,614890,24.08,24,31789.81,576553.09,38336.91000000003,Active,10
LOAN001360,CUST01360,60,Unemployed,1301687,Port Harcourt,664,Personal,1149086,8.97,36,34782.19,657614.12,491471.88,Delinquent,39
LOAN001361,CUST01361,47,Salaried,239579,Ibadan,589,Business,1656047,7.83,18,99206.42,1987256.4,0.0,Closed,0
LOAN001362,CUST01362,29,Salaried,1015922,Abuja,827,Business,359311,9.01,12,32640.41,155340.11,203970.89,Active,0
LOAN001363,CUST01363,41,Salaried,965509,Lagos,650,Emergency,563241,8.08,36,16909.75,675889.2,0.0,Closed,0
LOAN001364,CUST01364,62,Salaried,384138,Abuja,810,Emergency,1037340,16.0,24,50138.1,1092774.32,0.0,Closed,0
LOAN001365,CUST01365,26,Salaried,1451813,Ibadan,591,Education,1021996,19.12,6,202900.27,538852.23,483143.77,Active,20
LOAN001366,CUST01366,43,Self-employed,643902,Kano,850,Personal,1581701,22.45,36,53799.8,1770338.38,0.0,Closed,0
LOAN001367,CUST01367,33,Salaried,777433,Port Harcourt,544,Education,1602792,24.4,6,332312.21,1472748.28,130043.71999999997,Active,10
LOAN001368,CUST01368,22,Salaried,762719,Abuja,586,Business,53337,17.21,24,2604.85,64004.4,0.0,Closed,0
LOAN001369,CUST01369,45,Salaried,1098470,Abuja,691,Education,492986,11.04,6,91235.28,320174.03,172811.96999999997,Active,10
LOAN001370,CUST01370,44,Salaried,702407,Abuja,752,Business,1772338,14.61,18,112848.7,2126805.6,0.0,Closed,0
LOAN001371,CUST01371,59,Self-employed,885119,Ibadan,705,Personal,1799512,7.13,6,321302.87,1573600.63,225911.3700000001,Active,0
LOAN001372,CUST01372,45,Salaried,387397,Lagos,716,Education,1255195,15.14,24,60217.98,957782.07,297412.93000000005,Active,30
LOAN001373,CUST01373,63,Salaried,941250,Port Harcourt,614,Education,1379840,7.32,24,61701.85,0.0,1379840.0,Active,30
LOAN001374,CUST01374,27,Self-employed,284193,Lagos,511,Education,939329,15.63,24,45256.09,772500.96,166828.04000000004,Delinquent,36
LOAN001375,CUST01375,36,Salaried,1287640,Lagos,625,Personal,1129815,21.26,24,57083.9,978303.41,151511.58999999997,Active,30
LOAN001376,CUST01376,34,Salaried,1076810,Ibadan,838,Education,155011,22.78,18,10573.47,186013.2,0.0,Closed,0
LOAN001377,CUST01377,44,Salaried,1465569,Lagos,631,Emergency,1767922,5.47,18,103590.41,1078889.13,689032.8700000001,Active,20
LOAN001378,CUST01378,65,Salaried,730803,Ibadan,595,Business,124690,16.92,18,8099.31,90751.34,33938.66,Delinquent,65
LOAN001379,CUST01379,35,Salaried,417491,Port Harcourt,559,Emergency,248333,7.52,12,22250.64,200779.09,47553.91,Active,30
LOAN001380,CUST01380,22,Self-employed,1494920,Port Harcourt,724,Education,1976811,21.51,36,66722.86,812104.4,1164706.6,Active,0
LOAN001381,CUST01381,39,Salaried,130294,Port Harcourt,553,Emergency,1567940,17.76,6,307734.36,1472074.38,95865.62000000011,Active,0
LOAN001382,CUST01382,45,Salaried,890411,Lagos,574,Business,1616083,10.14,6,296658.97,1646152.86,0.0,Closed,0
LOAN001383,CUST01383,62,Salaried,1247253,Lagos,748,Education,685859,17.31,36,22349.48,566484.95,119374.05000000005,Delinquent,46
LOAN001384,CUST01384,29,Salaried,1252372,Port Harcourt,704,Personal,1645343,23.71,18,113080.77,1217415.99,427927.01,Delinquent,80
LOAN001385,CUST01385,19,Salaried,1317985,Ibadan,626,Business,430130,18.56,18,28331.23,255957.94,174172.06,Active,10
LOAN001386,CUST01386,19,Salaried,626231,Port Harcourt,560,Business,1306360,20.81,18,87678.53,899092.04,407267.95999999996,Active,10
LOAN001387,CUST01387,52,Self-employed,183635,Ibadan,464,Emergency,1577070,19.24,24,78354.09,1099166.93,477903.07000000007,Active,20
LOAN001388,CUST01388,31,Salaried,1219491,Kano,615,Business,764281,11.39,24,35472.19,460596.91,303684.09,Active,30
LOAN001389,CUST01389,49,Salaried,1461353,Kano,621,Education,895022,5.65,36,26266.41,602480.55,292541.44999999995,Defaulted,170
LOAN001390,CUST01390,61,Salaried,224256,Ibadan,707,Personal,1160634,12.38,18,72462.25,848969.81,311664.18999999994,Delinquent,59
LOAN001391,CUST01391,45,Self-employed,376947,Ibadan,572,Personal,399667,17.49,36,13043.58,404604.93,0.0,Closed,0
LOAN001392,CUST01392,42,Salaried,645355,Kano,524,Personal,1079191,24.79,24,56113.44,419848.19,659342.81,Defaulted,106
LOAN001393,CUST01393,65,Salaried,253381,Ibadan,607,Emergency,493139,24.84,36,17100.96,297776.62,195362.38,Active,10
LOAN001394,CUST01394,58,Self-employed,788249,Lagos,494,Education,926987,23.01,18,63349.26,481107.35,445879.65,Active,20
LOAN001395,CUST01395,36,Salaried,1103409,Ibadan,671,Business,872447,9.5,24,39805.39,534952.88,337494.12,Active,30
LOAN001396,CUST01396,29,Salaried,422510,Lagos,583,Emergency,56998,15.65,18,3662.12,52923.15,4074.8499999999985,Delinquent,72
LOAN001397,CUST01397,57,Self-employed,1266679,Kano,538,Personal,927174,13.21,6,174942.28,580504.25,346669.75,Active,10
LOAN001398,CUST01398,54,Salaried,1307385,Ibadan,548,Personal,907263,23.91,18,62454.98,671890.17,235372.82999999996,Active,10
LOAN001399,CUST01399,28,Salaried,826566,Ibadan,435,Education,1311106,22.67,24,67013.91,1208758.89,102347.1100000001,Active,10
LOAN001400,CUST01400,19,Salaried,551880,Abuja,686,Emergency,1544834,23.43,18,105932.7,991955.06,552878.94,Active,0
LOAN001401,CUST01401,50,Salaried,1012997,Lagos,850,Education,1315104,13.87,12,124792.41,1058856.45,256247.55000000005,Delinquent,60
LOAN001402,CUST01402,61,Salaried,384006,Ibadan,529,Emergency,1564240,24.25,6,323928.03,1337331.36,226908.6399999999,Delinquent,74
LOAN001403,CUST01403,46,Salaried,858065,Ibadan,436,Personal,924700,24.15,36,31889.31,667042.26,257657.74,Active,0
LOAN001404,CUST01404,45,Self-employed,664388,Lagos,550,Personal,1787087,21.45,6,361736.19,1297103.62,489983.3799999999,Active,30
LOAN001405,CUST01405,64,Self-employed,356150,Abuja,584,Education,1639516,21.5,6,332001.99,1679876.1,0.0,Closed,0
LOAN001406,CUST01406,39,Self-employed,915899,Lagos,573,Emergency,347690,23.26,24,17856.78,248588.0,99102.0,Active,0
LOAN001407,CUST01407,62,Self-employed,1080911,Ibadan,611,Education,1637503,10.2,18,100251.57,1965003.6,0.0,Closed,0
LOAN001408,CUST01408,26,Self-employed,994507,Abuja,747,Education,1241667,10.51,6,228694.37,1490000.4,0.0,Closed,0
LOAN001409,CUST01409,54,Salaried,104401,Port Harcourt,694,Emergency,827731,16.27,18,53466.82,740504.72,87226.28000000003,Active,10
LOAN001410,CUST01410,42,Self-employed,972458,Port Harcourt,418,Business,373886,19.87,12,37348.1,324585.09,49300.909999999974,Active,20
LOAN001411,CUST01411,64,Self-employed,108730,Kano,751,Emergency,1273122,11.06,36,39275.81,848325.72,424796.28,Active,20
LOAN001412,CUST01412,51,Self-employed,1050287,Port Harcourt,481,Emergency,407375,24.45,12,42248.18,299555.4,107819.59999999998,Active,20
LOAN001413,CUST01413,18,Self-employed,1067634,Lagos,850,Education,1876162,15.5,12,180580.59,1377625.73,498536.27,Active,30
LOAN001414,CUST01414,64,Salaried,521492,Lagos,642,Business,520412,8.0,36,15612.36,584978.22,0.0,Closed,0
LOAN001415,CUST01415,65,Salaried,797637,Kano,606,Business,1244135,23.25,6,255566.06,1288220.65,0.0,Closed,0
LOAN001416,CUST01416,22,Salaried,474736,Port Harcourt,539,Personal,118871,12.97,6,22381.43,28390.97,90480.03,Defaulted,154
LOAN001417,CUST01417,65,Salaried,167387,Abuja,617,Business,1146703,9.96,18,70050.81,1376043.6,0.0,Closed,0
LOAN001418,CUST01418,23,Self-employed,528863,Abuja,614,Personal,1006439,8.55,36,30346.93,681343.91,325095.08999999997,Active,20
LOAN001419,CUST01419,55,Salaried,327975,Kano,845,Emergency,177643,9.15,12,16158.11,213171.6,0.0,Closed,0
LOAN001420,CUST01420,58,Salaried,1023647,Lagos,630,Business,1898934,20.63,18,127260.23,2278720.8,0.0,Closed,0
LOAN001421,CUST01421,56,Salaried,1053065,Ibadan,468,Education,224873,14.52,6,42920.76,188598.14,36274.859999999986,Active,10
LOAN001422,CUST01422,64,Salaried,1243970,Ibadan,509,Business,951262,22.22,6,193772.07,1134931.98,0.0,Closed,0
LOAN001423,CUST01423,56,Self-employed,1285091,Port Harcourt,518,Emergency,1338518,20.11,6,267948.99,1090935.9,247582.1000000001,Active,30
LOAN001424,CUST01424,34,Salaried,1373571,Kano,549,Business,1113870,14.67,18,70959.71,638626.17,475243.82999999996,Defaulted,128
LOAN001425,CUST01425,49,Salaried,765427,Lagos,585,Education,1227056,15.06,24,58827.11,696522.9,530533.1,Active,10
LOAN001426,CUST01426,46,Salaried,1118599,Port Harcourt,750,Business,392110,8.58,24,17739.71,229588.0,162522.0,Active,0
LOAN001427,CUST01427,51,Self-employed,455999,Ibadan,676,Personal,1649817,9.64,18,100492.19,690516.32,959300.68,Active,20
LOAN001428,CUST01428,38,Salaried,1486017,Abuja,588,Business,1328270,9.21,12,120883.64,1481536.08,0.0,Closed,0
LOAN001429,CUST01429,59,Self-employed,880975,Kano,622,Emergency,1837522,8.16,12,165621.98,982383.97,855138.03,Active,30
LOAN001430,CUST01430,41,Salaried,614937,Abuja,673,Education,601247,14.44,18,38225.95,663727.12,0.0,Closed,0
LOAN001431,CUST01431,44,Self-employed,749866,Lagos,708,Emergency,1789024,19.9,24,89376.66,1056661.46,732362.54,Active,30
LOAN001432,CUST01432,19,Unemployed,165988,Abuja,731,Business,791578,17.92,12,77785.73,331918.44,459659.56,Defaulted,125
LOAN001433,CUST01433,38,Self-employed,1438429,Kano,613,Business,668233,21.65,6,135484.24,583088.22,85144.78000000003,Active,30
LOAN001434,CUST01434,38,Self-employed,500845,Ibadan,543,Emergency,972963,22.13,6,198046.62,484948.36,488014.64,Active,10
LOAN001435,CUST01435,21,Self-employed,146468,Lagos,797,Personal,868021,18.76,24,42952.57,790285.55,77735.44999999995,Active,30
LOAN001436,CUST01436,65,Salaried,1391398,Lagos,705,Education,1178049,12.39,18,73556.07,658302.82,519746.18000000005,Active,10
LOAN001437,CUST01437,46,Self-employed,917754,Abuja,579,Education,1882807,8.01,18,112978.88,233264.53,1649542.47,Active,0
LOAN001438,CUST01438,19,Salaried,1251108,Abuja,540,Personal,1435569,10.21,36,43948.35,1063300.58,372268.4199999999,Delinquent,75
LOAN001439,CUST01439,29,Unemployed,708424,Port Harcourt,569,Emergency,807553,23.1,24,41420.74,378781.19,428771.81,Delinquent,44
LOAN001440,CUST01440,26,Salaried,527484,Lagos,627,Emergency,748376,8.98,18,45310.01,626883.01,121492.98999999999,Active,0
LOAN001441,CUST01441,19,Salaried,946177,Kano,395,Emergency,1069965,20.96,36,35950.82,84025.03,985939.97,Active,20
LOAN001442,CUST01442,58,Unemployed,117285,Lagos,704,Personal,1880983,20.97,36,63206.25,1068286.33,812696.6699999999,Active,20
LOAN001443,CUST01443,54,Salaried,1235534,Ibadan,590,Business,1220820,20.61,36,40900.86,0.0,1220820.0,Active,0
LOAN001444,CUST01444,59,Self-employed,203267,Port Harcourt,816,Personal,953760,21.36,24,48228.46,564745.75,389014.25,Active,10
LOAN001445,CUST01445,54,Self-employed,430997,Port Harcourt,695,Personal,762632,14.08,24,36250.44,483885.01,278746.99,Delinquent,56
LOAN001446,CUST01446,32,Self-employed,1357972,Kano,394,Education,89576,5.17,18,5233.73,70977.97,18598.03,Active,20
LOAN001447,CUST01447,27,Salaried,1166448,Abuja,675,Business,1445448,9.01,36,43768.97,1417207.08,28240.919999999925,Defaulted,163
LOAN001448,CUST01448,26,Salaried,482315,Kano,850,Education,261595,5.52,36,7667.64,236084.41,25510.589999999997,Defaulted,95
LOAN001449,CUST01449,45,Salaried,195263,Port Harcourt,850,Business,711308,23.57,12,73246.94,88747.14,622560.86,Active,10
LOAN001450,CUST01450,19,Self-employed,505576,Ibadan,684,Business,107244,7.75,24,4814.81,71184.89,36059.11,Active,30
LOAN001451,CUST01451,25,Salaried,847791,Lagos,599,Business,969699,12.98,12,91297.16,714034.3,255664.69999999995,Delinquent,68
LOAN001452,CUST01452,49,Unemployed,1112633,Kano,689,Education,1569425,15.33,12,150834.82,908775.74,660649.26,Delinquent,38
LOAN001453,CUST01453,50,Salaried,714544,Lagos,740,Emergency,491088,24.7,36,17010.74,144796.26,346291.74,Active,20
LOAN001454,CUST01454,22,Salaried,83859,Ibadan,514,Education,1734876,13.4,6,327891.56,1084543.29,650332.71,Active,20
LOAN001455,CUST01455,35,Unemployed,531000,Port Harcourt,800,Personal,227107,18.01,24,11167.04,139669.93,87437.07,Delinquent,32
LOAN001456,CUST01456,62,Self-employed,345144,Ibadan,693,Personal,421947,16.29,12,40890.18,248695.34,173251.66,Active,10
LOAN001457,CUST01457,28,Salaried,178306,Ibadan,740,Business,490036,22.33,18,33303.39,260068.53,229967.47,Active,30
LOAN001458,CUST01458,28,Unemployed,416241,Lagos,850,Emergency,367467,19.84,12,36697.7,351170.69,16296.309999999998,Active,0
LOAN001459,CUST01459,19,Salaried,477980,Port Harcourt,730,Personal,1361375,12.46,18,85055.68,949328.74,412046.26,Active,0
LOAN001460,CUST01460,56,Salaried,1036714,Kano,805,Business,1878775,7.89,24,84458.76,1464355.3,414419.69999999995,Active,30
LOAN001461,CUST01461,25,Salaried,381711,Ibadan,739,Emergency,781206,22.94,6,160069.11,417437.65,363768.35,Active,0
LOAN001462,CUST01462,37,Self-employed,920479,Ibadan,642,Emergency,1175598,13.81,36,37165.22,813032.77,362565.23,Delinquent,31
LOAN001463,CUST01463,48,Salaried,588677,Ibadan,680,Business,1426516,15.8,36,45886.26,1109152.92,317363.0800000001,Active,0
LOAN001464,CUST01464,65,Salaried,313890,Lagos,675,Emergency,322226,21.11,12,32520.66,230433.89,91792.10999999999,Active,0
LOAN001465,CUST01465,29,Self-employed,642025,Port Harcourt,768,Education,270679,10.0,18,16541.49,324814.8,0.0,Closed,0
LOAN001466,CUST01466,26,Self-employed,1019197,Port Harcourt,595,Emergency,1140344,15.34,18,73070.71,1152598.57,0.0,Closed,0
LOAN001467,CUST01467,42,Self-employed,835951,Lagos,764,Business,1265023,19.73,6,252435.34,611294.22,653728.78,Delinquent,82
LOAN001468,CUST01468,28,Salaried,432043,Ibadan,826,Education,1380916,5.68,12,121612.67,1398611.11,0.0,Closed,0
LOAN001469,CUST01469,46,Salaried,74562,Abuja,622,Emergency,1064696,22.15,12,108377.18,605605.27,459090.73,Active,30
LOAN001470,CUST01470,39,Salaried,1352986,Abuja,602,Education,972459,7.36,18,58001.78,251044.91,721414.09,Active,20
LOAN001471,CUST01471,60,Self-employed,765093,Lagos,594,Education,1072057,20.44,24,53799.39,1124556.87,0.0,Closed,0
LOAN001472,CUST01472,24,Salaried,1138574,Abuja,627,Emergency,1689876,12.31,6,316316.62,1592106.43,97769.57000000007,Defaulted,106
LOAN001473,CUST01473,53,Salaried,283071,Lagos,512,Business,1544630,10.91,18,95174.95,1308636.96,235993.04000000004,Active,30
LOAN001474,CUST01474,19,Self-employed,883739,Abuja,300,Education,1907288,24.97,12,198628.15,1479221.69,428066.31000000006,Active,10
LOAN001475,CUST01475,52,Self-employed,1152210,Abuja,454,Business,368287,16.26,36,11893.62,255565.82,112721.18,Active,20
LOAN001476,CUST01476,32,Salaried,835324,Abuja,743,Emergency,1476895,8.31,36,44434.03,1642009.43,0.0,Closed,0
LOAN001477,CUST01477,47,Salaried,474036,Port Harcourt,832,Business,890691,10.93,36,27445.65,792716.14,97974.85999999999,Defaulted,150
LOAN001478,CUST01478,21,Salaried,679131,Ibadan,850,Business,577075,19.17,18,38205.57,268527.45,308547.55,Active,0
LOAN001479,CUST01479,43,Salaried,351552,Abuja,621,Emergency,386074,20.29,12,38700.7,397523.98,0.0,Closed,0
LOAN001480,CUST01480,32,Salaried,869985,Port Harcourt,517,Business,571295,21.69,6,115868.15,623103.48,0.0,Closed,0
LOAN001481,CUST01481,61,Salaried,891881,Port Harcourt,576,Education,1601168,16.72,12,155740.27,804820.29,796347.71,Active,10
LOAN001482,CUST01482,48,Self-employed,72584,Abuja,523,Emergency,1141819,11.22,6,211655.18,675165.21,466653.79000000004,Delinquent,69
LOAN001483,CUST01483,27,Self-employed,676675,Lagos,618,Education,1185103,19.86,24,59186.02,1323671.07,0.0,Closed,0
LOAN001484,CUST01484,45,Unemployed,620640,Kano,581,Business,135923,12.63,18,8505.0,116316.31,19606.690000000002,Active,30
LOAN001485,CUST01485,56,Self-employed,1071950,Port Harcourt,682,Business,521090,15.46,6,100275.09,106208.05,414881.95,Defaulted,167
LOAN001486,CUST01486,35,Salaried,1444418,Port Harcourt,641,Education,1521359,24.26,24,78768.36,268251.35,1253107.65,Active,0
LOAN001487,CUST01487,18,Salaried,1392733,Lagos,850,Emergency,930060,18.34,18,61146.28,315760.47,614299.53,Defaulted,100
LOAN001488,CUST01488,24,Salaried,559071,Ibadan,662,Emergency,514284,16.82,18,33377.03,526322.78,0.0,Closed,0
LOAN001489,CUST01489,56,Salaried,1322190,Lagos,548,Personal,1990375,18.35,6,392601.47,2247356.3,0.0,Closed,0
LOAN001490,CUST01490,43,Salaried,1257174,Lagos,673,Education,1652288,9.77,36,50381.01,1508611.34,143676.65999999992,Active,30
LOAN001491,CUST01491,58,Self-employed,1407042,Ibadan,802,Personal,1837262,14.21,36,58287.14,1523468.72,313793.28,Active,30
LOAN001492,CUST01492,19,Salaried,503067,Ibadan,684,Education,100634,17.61,18,6575.31,97589.58,3044.4199999999983,Active,30
LOAN001493,CUST01493,38,Self-employed,802015,Ibadan,534,Education,771524,12.05,12,72041.05,195607.39,575916.61,Active,0
LOAN001494,CUST01494,40,Salaried,386786,Abuja,661,Emergency,1666503,22.27,18,113201.85,1188528.81,477974.18999999994,Delinquent,79
LOAN001495,CUST01495,24,Salaried,236372,Lagos,850,Emergency,1342690,15.76,12,129524.83,551763.53,790926.47,Active,20
LOAN001496,CUST01496,30,Self-employed,706249,Port Harcourt,722,Emergency,1391076,8.72,24,63015.74,1669291.2,0.0,Closed,0
LOAN001497,CUST01497,19,Salaried,785248,Lagos,624,Business,968068,22.92,12,99162.43,746971.97,221096.03000000003,Defaulted,131
LOAN001498,CUST01498,43,Salaried,1270221,Kano,659,Personal,1111409,19.0,36,36738.24,516165.53,595243.47,Active,10
LOAN001499,CUST01499,63,Salaried,466535,Port Harcourt,500,Education,1542470,16.96,24,75169.7,1276125.17,266344.8300000001,Delinquent,40
LOAN001500,CUST01500,38,Salaried,882059,Abuja,631,Emergency,857907,7.07,18,51031.17,729437.94,128469.06000000006,Active,0
LOAN001501,CUST01501,62,Salaried,135506,Abuja,546,Business,375083,18.35,18,24661.71,66636.4,308446.6,Active,10
LOAN001502,CUST01502,57,Salaried,523605,Ibadan,850,Emergency,1751891,9.32,6,319194.54,1096540.71,655350.29,Active,0
LOAN001503,CUST01503,43,Salaried,919323,Kano,489,Emergency,1241362,8.84,12,112591.53,1138286.67,103075.33000000007,Delinquent,68
LOAN001504,CUST01504,33,Self-employed,598389,Port Harcourt,464,Education,813298,21.07,18,54703.33,728561.2,84736.80000000005,Active,20
LOAN001505,CUST01505,52,Unemployed,211565,Kano,593,Business,332051,11.43,12,30833.7,356890.84,0.0,Closed,0
LOAN001506,CUST01506,56,Unemployed,252629,Abuja,809,Education,1694625,24.71,24,88056.95,1223365.28,471259.72,Active,0
LOAN001507,CUST01507,47,Unemployed,1402591,Kano,482,Emergency,1771924,24.7,24,92066.22,644716.19,1127207.81,Active,0
LOAN001508,CUST01508,53,Salaried,1092563,Lagos,774,Education,185597,24.06,12,19187.64,106703.46,78893.54,Active,30
LOAN001509,CUST01509,54,Self-employed,1049558,Port Harcourt,310,Personal,360127,6.28,18,21263.5,105947.99,254179.01,Active,20
LOAN001510,CUST01510,60,Salaried,1303548,Ibadan,716,Education,1526851,20.29,12,153054.09,938482.54,588368.46,Defaulted,117
LOAN001511,CUST01511,50,Self-employed,1179097,Ibadan,594,Business,688920,11.61,36,21358.43,764755.3,0.0,Closed,0
LOAN001512,CUST01512,63,Unemployed,1181649,Port Harcourt,788,Personal,1280760,11.29,6,237559.63,802488.38,478271.62,Defaulted,96
LOAN001513,CUST01513,56,Self-employed,198925,Abuja,603,Business,1161012,13.27,12,109589.86,219521.23,941490.77,Delinquent,46
LOAN001514,CUST01514,54,Self-employed,111839,Ibadan,703,Emergency,1088037,19.57,18,72275.88,878184.22,209852.78000000003,Active,30
LOAN001515,CUST01515,29,Self-employed,849624,Ibadan,654,Education,340475,21.95,12,34600.77,203283.32,137191.68,Active,20
LOAN001516,CUST01516,39,Salaried,1097908,Ibadan,571,Personal,596319,13.03,12,56168.28,2088.19,594230.81,Active,0
LOAN001517,CUST01517,24,Salaried,1148629,Abuja,532,Personal,1894028,17.12,36,61619.04,1678208.46,215819.54000000004,Active,20
LOAN001518,CUST01518,54,Salaried,1159647,Port Harcourt,703,Personal,735474,12.7,6,138146.53,564619.91,170854.08999999997,Delinquent,67
LOAN001519,CUST01519,24,Salaried,411534,Abuja,670,Education,1352063,14.96,36,43175.88,875102.82,476960.18000000005,Active,20
LOAN001520,CUST01520,19,Salaried,1253733,Kano,625,Personal,974209,19.13,12,96714.6,449285.93,524923.0700000001,Active,30
LOAN001521,CUST01521,40,Self-employed,1177407,Abuja,668,Business,1714399,23.81,18,117922.08,1599645.45,114753.55000000005,Defaulted,103
LOAN001522,CUST01522,60,Salaried,259131,Kano,676,Emergency,1315638,8.11,36,39509.34,755229.65,560408.35,Defaulted,148
LOAN001523,CUST01523,33,Unemployed,989388,Ibadan,404,Business,1452376,16.09,18,93670.18,1400646.63,51729.37000000011,Active,10
LOAN001524,CUST01524,60,Salaried,897846,Kano,609,Personal,172943,23.33,24,8887.11,189843.37,0.0,Closed,0
LOAN001525,CUST01525,52,Salaried,1140191,Abuja,793,Education,1423223,11.41,36,44044.8,1249087.37,174135.6299999999,Active,30
LOAN001526,CUST01526,23,Salaried,721752,Ibadan,564,Personal,1651222,8.96,24,74965.48,558935.16,1092286.8399999999,Active,30
LOAN001527,CUST01527,61,Salaried,1080203,Lagos,555,Personal,1227032,14.68,24,58631.68,814056.45,412975.55000000005,Active,20
LOAN001528,CUST01528,52,Unemployed,444430,Abuja,547,Education,694076,22.84,36,23683.42,832891.2,0.0,Closed,0
LOAN001529,CUST01529,61,Salaried,150571,Ibadan,674,Business,149001,24.34,24,7719.49,86917.64,62083.36,Active,0
LOAN001530,CUST01530,32,Salaried,1116916,Port Harcourt,602,Personal,1516293,5.89,12,133800.22,590376.48,925916.52,Active,10
LOAN001531,CUST01531,31,Salaried,476997,Lagos,610,Education,1247778,17.81,6,245001.21,1054666.86,193111.1399999999,Active,30
LOAN001532,CUST01532,32,Unemployed,59937,Port Harcourt,586,Emergency,1433269,21.27,18,96562.52,1034797.2,398471.80000000005,Defaulted,139
LOAN001533,CUST01533,61,Salaried,143861,Kano,688,Education,1305673,9.92,18,79733.1,386033.85,919639.15,Delinquent,58
LOAN001534,CUST01534,44,Unemployed,479656,Lagos,652,Emergency,1420145,19.73,18,94463.31,1704174.0,0.0,Closed,0
LOAN001535,CUST01535,58,Salaried,917465,Ibadan,733,Personal,1817132,23.02,24,93143.16,1485649.39,331482.6100000001,Active,0
LOAN001536,CUST01536,22,Salaried,991890,Abuja,850,Education,1495984,9.46,6,272917.35,552318.57,943665.43,Active,30
LOAN001537,CUST01537,36,Unemployed,400993,Kano,845,Education,587917,24.11,24,30402.66,476623.51,111293.48999999999,Active,20
LOAN001538,CUST01538,49,Self-employed,277524,Abuja,850,Business,878178,21.46,12,88886.25,465513.47,412664.53,Defaulted,161
LOAN001539,CUST01539,29,Unemployed,1136797,Lagos,716,Personal,1033474,14.58,6,197359.08,1015436.41,18037.589999999967,Active,30
LOAN001540,CUST01540,60,Salaried,556990,Kano,620,Business,827837,13.76,12,78478.95,678997.98,148839.02000000002,Active,0
LOAN001541,CUST01541,39,Self-employed,491306,Port Harcourt,666,Business,141766,16.38,12,13748.94,157382.87,0.0,Closed,0
LOAN001542,CUST01542,50,Salaried,784249,Lagos,515,Business,1940714,17.88,24,95321.4,310279.59,1630434.41,Active,20
LOAN001543,CUST01543,22,Self-employed,435798,Abuja,687,Education,754409,18.16,24,37142.07,523745.64,230663.36,Active,30
LOAN001544,CUST01544,44,Salaried,1217805,Kano,796,Personal,1197400,24.28,6,248021.45,877722.28,319677.72,Active,0
LOAN001545,CUST01545,61,Self-employed,1347269,Abuja,667,Personal,1568504,23.66,18,107756.22,258284.68,1310219.32,Active,0
LOAN001546,CUST01546,58,Salaried,849462,Lagos,741,Personal,172510,21.27,36,5811.19,35296.62,137213.38,Active,10
LOAN001547,CUST01547,61,Self-employed,91509,Kano,700,Emergency,1960110,14.53,36,62358.72,1414537.66,545572.3400000001,Active,20
LOAN001548,CUST01548,48,Unemployed,993028,Abuja,803,Emergency,548428,18.66,36,18076.8,269187.72,279240.28,Active,30
LOAN001549,CUST01549,42,Self-employed,1175026,Port Harcourt,720,Business,519426,7.89,12,46700.73,551899.16,0.0,Closed,0
LOAN001550,CUST01550,63,Self-employed,821915,Kano,719,Business,955417,21.11,12,96425.46,679439.86,275977.14,Active,30
LOAN001551,CUST01551,47,Salaried,893539,Ibadan,752,Emergency,1363865,12.06,24,63681.13,733666.94,630198.06,Active,30
LOAN001552,CUST01552,26,Salaried,864623,Kano,778,Business,758420,11.52,24,35241.25,910104.0,0.0,Closed,0
LOAN001553,CUST01553,53,Salaried,565914,Ibadan,693,Education,450482,16.37,36,14561.83,239259.67,211222.33,Active,30
LOAN001554,CUST01554,37,Salaried,1400565,Kano,718,Emergency,873823,7.83,6,157040.56,316374.2,557448.8,Active,30
LOAN001555,CUST01555,29,Salaried,156715,Ibadan,425,Personal,758172,16.03,12,73308.91,671119.47,87052.53000000003,Active,30
LOAN001556,CUST01556,43,Salaried,482963,Kano,616,Business,1448786,8.45,36,43644.68,581636.65,867149.35,Delinquent,72
LOAN001557,CUST01557,38,Salaried,366005,Kano,504,Personal,1032682,9.91,12,94585.07,681303.77,351378.23,Delinquent,62
LOAN001558,CUST01558,39,Salaried,1468071,Lagos,680,Education,187067,6.72,6,33272.98,162129.78,24937.22,Defaulted,96
LOAN001559,CUST01559,57,Salaried,798046,Port Harcourt,559,Emergency,365837,24.16,18,25234.62,253056.5,112780.5,Delinquent,54
LOAN001560,CUST01560,53,Salaried,1046330,Abuja,848,Business,417458,10.79,6,77083.62,444430.85,0.0,Closed,0
LOAN001561,CUST01561,62,Salaried,392374,Port Harcourt,576,Business,1166324,23.2,24,59871.3,705546.19,460777.81000000006,Active,30
LOAN001562,CUST01562,42,Self-employed,287734,Ibadan,607,Emergency,357539,23.18,6,73402.76,320842.02,36696.97999999998,Delinquent,39
LOAN001563,CUST01563,54,Salaried,1050089,Abuja,738,Emergency,91846,16.72,18,5955.7,65043.58,26802.42,Defaulted,164
LOAN001564,CUST01564,22,Unemployed,91642,Abuja,808,Business,1458786,16.34,18,94286.2,258486.92,1200299.08,Defaulted,137
LOAN001565,CUST01565,30,Salaried,1358688,Port Harcourt,600,Education,875472,23.34,6,179967.86,675692.93,199779.06999999995,Defaulted,175
LOAN001566,CUST01566,28,Salaried,224216,Port Harcourt,645,Education,1726290,14.89,36,55092.63,1248504.29,477785.70999999996,Delinquent,57
LOAN001567,CUST01567,21,Salaried,452701,Abuja,829,Education,1141424,23.09,6,234163.13,263257.59,878166.4099999999,Active,10
LOAN001568,CUST01568,60,Salaried,601788,Ibadan,703,Personal,957961,11.75,18,59473.41,730347.25,227613.75,Delinquent,79
LOAN001569,CUST01569,18,Salaried,748181,Kano,527,Personal,323992,22.44,36,11019.33,335482.35,0.0,Closed,0
LOAN001570,CUST01570,62,Salaried,684829,Ibadan,617,Education,1946947,14.4,24,92804.47,1736757.66,210189.34000000008,Active,20
LOAN001571,CUST01571,44,Self-employed,819222,Port Harcourt,394,Business,1840184,24.87,24,95743.24,1847602.21,0.0,Closed,0
LOAN001572,CUST01572,60,Self-employed,776116,Lagos,577,Education,1208430,8.86,18,73083.16,870397.94,338032.06000000006,Active,30
LOAN001573,CUST01573,41,Self-employed,1117012,Lagos,706,Business,98250,21.22,6,19849.77,86428.45,11821.550000000003,Active,10
LOAN001574,CUST01574,65,Self-employed,1249379,Port Harcourt,564,Personal,1683422,6.75,6,299508.83,905196.6,778225.4,Active,0
LOAN001575,CUST01575,57,Salaried,377666,Lagos,542,Personal,1877352,24.38,18,129725.02,1345686.64,531665.3600000001,Delinquent,37
LOAN001576,CUST01576,23,Salaried,340906,Lagos,605,Personal,1614609,23.53,12,166210.54,1618799.09,0.0,Closed,0
LOAN001577,CUST01577,48,Self-employed,958002,Abuja,605,Emergency,538795,9.2,6,98060.69,0.0,538795.0,Active,10
LOAN001578,CUST01578,46,Self-employed,1319737,Abuja,454,Personal,1034005,10.76,36,31812.89,453345.9,580659.1,Delinquent,34
LOAN001579,CUST01579,62,Salaried,216845,Lagos,663,Personal,464649,10.27,36,14232.46,175996.03,288652.97,Active,10
LOAN001580,CUST01580,28,Salaried,444680,Ibadan,687,Education,724036,20.13,12,72482.04,831622.14,0.0,Closed,0
LOAN001581,CUST01581,65,Salaried,1311550,Abuja,704,Personal,1393425,10.71,24,64277.53,791533.65,601891.35,Active,20
LOAN001582,CUST01582,49,Self-employed,1423303,Port Harcourt,566,Personal,1483468,10.03,12,136021.65,908287.26,575180.74,Active,0
LOAN001583,CUST01583,38,Self-employed,1349909,Kano,439,Education,951974,6.6,24,42283.51,384303.53,567670.47,Active,0
LOAN001584,CUST01584,41,Self-employed,1478329,Ibadan,668,Education,188157,16.38,18,12165.4,119107.69,69049.31,Active,30
LOAN001585,CUST01585,44,Salaried,1075690,Ibadan,600,Emergency,1612313,8.81,36,48732.16,1162498.47,449814.53,Active,20
LOAN001586,CUST01586,46,Unemployed,730248,Abuja,722,Business,1825200,23.9,24,94225.95,851047.29,974152.71,Active,30
LOAN001587,CUST01587,43,Salaried,858586,Port Harcourt,743,Personal,101337,22.47,18,6894.86,35960.49,65376.51,Active,10
LOAN001588,CUST01588,31,Self-employed,960963,Lagos,559,Personal,1437836,23.11,12,147509.99,646069.89,791766.11,Active,10
LOAN001589,CUST01589,37,Salaried,870598,Kano,589,Education,618097,11.75,6,115120.57,191588.09,426508.91000000003,Active,10
LOAN001590,CUST01590,45,Salaried,527603,Abuja,711,Emergency,1322604,19.47,24,65838.12,1378938.65,0.0,Closed,0
LOAN001591,CUST01591,63,Salaried,1446261,Ibadan,712,Education,272322,6.34,18,16088.18,284175.26,0.0,Closed,0
LOAN001592,CUST01592,58,Salaried,346700,Abuja,610,Education,1086478,21.07,24,54808.29,455124.6,631353.4,Active,20
LOAN001593,CUST01593,39,Salaried,1372168,Port Harcourt,809,Business,1347046,13.58,6,254995.81,694995.27,652050.73,Active,20
LOAN001594,CUST01594,31,Salaried,825039,Port Harcourt,757,Business,1043049,6.26,24,46180.99,407793.99,635255.01,Active,10
LOAN001595,CUST01595,53,Self-employed,705437,Port Harcourt,850,Education,1941295,24.45,18,134218.98,1976017.31,0.0,Closed,0
LOAN001596,CUST01596,63,Unemployed,457639,Kano,735,Business,724932,20.63,36,24291.26,454600.52,270331.48,Defaulted,119
LOAN001597,CUST01597,50,Salaried,572398,Lagos,575,Emergency,1035142,22.81,18,70625.44,1242170.4,0.0,Closed,0
LOAN001598,CUST01598,22,Self-employed,361123,Ibadan,424,Emergency,220514,15.58,24,10619.59,63836.14,156677.86,Active,20
LOAN001599,CUST01599,48,Self-employed,455131,Abuja,424,Business,629255,19.24,18,41684.65,606484.53,22770.469999999972,Delinquent,34
LOAN001600,CUST01600,38,Salaried,1377643,Ibadan,702,Education,796940,21.5,24,40345.09,508690.22,288249.78,Active,20
LOAN001601,CUST01601,56,Self-employed,1318296,Lagos,701,Education,469552,21.48,12,47534.31,378248.86,91303.14000000001,Defaulted,166
LOAN001602,CUST01602,45,Self-employed,177009,Lagos,803,Education,458825,15.47,36,14716.81,374716.39,84108.60999999999,Active,30
LOAN001603,CUST01603,27,Salaried,597331,Ibadan,568,Emergency,670973,5.51,24,29497.65,311536.18,359436.82,Active,30
LOAN001604,CUST01604,35,Salaried,1214473,Abuja,749,Emergency,981427,20.17,6,196563.47,508577.6,472849.4,Defaulted,148
LOAN001605,CUST01605,25,Salaried,647190,Lagos,704,Education,319558,11.46,6,59363.22,325987.37,0.0,Closed,0
LOAN001606,CUST01606,53,Salaried,1208834,Lagos,508,Emergency,347277,11.31,24,16106.42,383757.79,0.0,Closed,0
LOAN001607,CUST01607,59,Salaried,1405448,Port Harcourt,832,Education,423289,11.53,6,78682.37,507946.8,0.0,Closed,0
LOAN001608,CUST01608,26,Self-employed,1236184,Ibadan,850,Personal,132588,22.67,6,27107.62,128701.39,3886.6100000000006,Delinquent,76
LOAN001609,CUST01609,40,Salaried,192385,Port Harcourt,587,Personal,264440,15.46,12,25443.54,66906.77,197533.22999999998,Active,20
LOAN001610,CUST01610,59,Salaried,915372,Ibadan,736,Business,195912,14.85,36,6250.14,103717.57,92194.43,Active,30
LOAN001611,CUST01611,32,Self-employed,1199443,Abuja,740,Personal,1757845,9.15,12,159890.65,764588.36,993256.64,Active,20
LOAN001612,CUST01612,48,Self-employed,1402156,Lagos,733,Personal,100803,6.05,12,8908.47,117048.5,0.0,Closed,0
LOAN001613,CUST01613,42,Self-employed,509278,Ibadan,531,Personal,370089,24.09,12,38270.29,309070.69,61018.31,Active,20
LOAN001614,CUST01614,30,Self-employed,1120065,Kano,799,Personal,1082275,5.47,24,47561.48,536748.56,545526.44,Active,0
LOAN001615,CUST01615,50,Salaried,487962,Abuja,645,Emergency,1080676,5.14,6,189370.46,1063174.13,17501.87000000011,Active,20
LOAN001616,CUST01616,50,Salaried,496228,Ibadan,406,Business,65413,23.3,36,2240.4,40858.73,24554.269999999997,Active,20
LOAN001617,CUST01617,25,Self-employed,472756,Port Harcourt,850,Emergency,587454,11.69,18,36451.52,251867.54,335586.45999999996,Delinquent,56
LOAN001618,CUST01618,20,Salaried,110434,Ibadan,672,Personal,1416102,18.44,24,69884.63,518099.79,898002.21,Active,0
LOAN001619,CUST01619,62,Salaried,481139,Abuja,499,Education,1245810,19.71,18,82853.29,1310882.63,0.0,Closed,0
LOAN001620,CUST01620,34,Salaried,806942,Abuja,762,Personal,1408598,17.52,36,45982.9,1134503.34,274094.6599999999,Delinquent,84
LOAN001621,CUST01621,64,Salaried,699910,Port Harcourt,850,Emergency,1789770,8.62,18,108002.68,1349038.77,440731.23,Active,30
LOAN001622,CUST01622,60,Self-employed,869471,Abuja,777,Personal,396569,23.42,24,20393.56,98912.33,297656.67,Active,20
LOAN001623,CUST01623,35,Salaried,1342622,Lagos,742,Education,50567,22.05,36,1714.36,35303.83,15263.169999999998,Active,0
LOAN001624,CUST01624,59,Salaried,983359,Abuja,562,Emergency,1241414,24.22,6,257014.08,1095413.96,146000.04000000004,Active,10
LOAN001625,CUST01625,25,Salaried,831862,Port Harcourt,427,Business,925533,18.07,18,60709.82,757732.87,167800.13,Delinquent,88
LOAN001626,CUST01626,48,Salaried,600975,Abuja,685,Personal,1910932,24.67,12,198529.91,1779028.49,131903.51,Active,0
LOAN001627,CUST01627,35,Salaried,286111,Lagos,776,Emergency,542417,14.1,36,17191.61,510738.79,31678.21000000002,Active,20
LOAN001628,CUST01628,20,Self-employed,182715,Ibadan,667,Emergency,371482,9.31,24,16919.46,319580.75,51901.25,Active,0
LOAN001629,CUST01629,63,Salaried,1026647,Port Harcourt,564,Emergency,77827,16.54,6,15116.6,37798.98,40028.02,Active,20
LOAN001630,CUST01630,33,Self-employed,475089,Ibadan,822,Personal,101197,18.42,12,9986.46,111925.95,0.0,Closed,0
LOAN001631,CUST01631,32,Salaried,1413530,Lagos,655,Education,1231141,21.71,24,62434.24,835411.49,395729.51,Active,30
LOAN001632,CUST01632,60,Salaried,813436,Port Harcourt,790,Business,820277,14.13,24,39007.59,392597.44,427679.56,Active,20
LOAN001633,CUST01633,40,Self-employed,722580,Port Harcourt,850,Business,777266,13.14,36,24427.74,738111.26,39154.73999999999,Active,30
LOAN001634,CUST01634,23,Self-employed,1460665,Kano,604,Education,1087064,18.51,24,53678.31,528859.98,558204.02,Active,30
LOAN001635,CUST01635,61,Salaried,338655,Abuja,727,Personal,802182,17.91,24,39410.53,657335.03,144846.96999999997,Delinquent,86
LOAN001636,CUST01636,54,Salaried,770274,Abuja,545,Business,1852945,24.65,12,192474.66,1269822.67,583122.3300000001,Active,10
LOAN001637,CUST01637,52,Salaried,881206,Lagos,736,Personal,928656,22.61,36,31628.48,942049.32,0.0,Closed,0
LOAN001638,CUST01638,63,Salaried,1256836,Port Harcourt,812,Emergency,1204374,18.29,12,118721.17,572219.49,632154.51,Delinquent,74
LOAN001639,CUST01639,43,Salaried,295201,Kano,666,Emergency,1804202,20.94,36,60611.16,1986533.96,0.0,Closed,0
LOAN001640,CUST01640,27,Salaried,509426,Abuja,716,Personal,1622499,13.16,6,306003.31,1255618.49,366880.51,Active,30
LOAN001641,CUST01641,33,Self-employed,1108036,Ibadan,653,Education,1088515,7.89,6,195733.14,534993.23,553521.77,Active,20
LOAN001642,CUST01642,36,Salaried,488816,Lagos,755,Business,252558,24.03,12,26103.97,26338.0,226220.0,Active,0
LOAN001643,CUST01643,45,Self-employed,439470,Port Harcourt,830,Emergency,1477073,6.43,18,87336.04,415872.91,1061200.09,Active,0
LOAN001644,CUST01644,57,Self-employed,72163,Kano,624,Emergency,679597,11.86,18,42233.18,442393.16,237203.84000000003,Active,30
LOAN001645,CUST01645,19,Self-employed,1382152,Port Harcourt,615,Emergency,137817,18.58,6,27237.23,77409.03,60407.97,Active,20
LOAN001646,CUST01646,57,Self-employed,854793,Port Harcourt,351,Emergency,1664361,6.96,36,49450.01,1956555.22,0.0,Closed,0
LOAN001647,CUST01647,48,Salaried,107311,Port Harcourt,690,Personal,1072253,20.18,6,214772.28,1214958.74,0.0,Closed,0
LOAN001648,CUST01648,33,Salaried,223989,Kano,520,Emergency,1791957,19.31,6,356330.65,695088.48,1096868.52,Active,20
LOAN001649,CUST01649,31,Salaried,122020,Kano,536,Emergency,1208940,20.54,24,60719.01,1450728.0,0.0,Closed,0
LOAN001650,CUST01650,22,Salaried,249132,Kano,786,Business,319241,16.87,6,62182.83,128971.72,190269.28,Defaulted,146
LOAN001651,CUST01651,34,Salaried,1021358,Kano,537,Personal,1234995,12.76,36,38682.79,1051679.58,183315.41999999993,Active,0
LOAN001652,CUST01652,45,Salaried,1133674,Lagos,526,Business,1942180,14.03,12,184555.65,1582852.41,359327.5900000001,Active,20
LOAN001653,CUST01653,65,Salaried,211104,Abuja,777,Emergency,1069734,9.98,24,49020.56,1155576.32,0.0,Closed,0
LOAN001654,CUST01654,63,Salaried,142011,Ibadan,693,Personal,518551,11.8,36,16103.89,471674.95,46876.04999999999,Delinquent,45
LOAN001655,CUST01655,54,Salaried,262940,Lagos,649,Emergency,326821,19.81,36,10876.78,392185.2,0.0,Closed,0
LOAN001656,CUST01656,58,Salaried,1090492,Kano,703,Personal,1515743,13.6,36,47830.11,599382.02,916360.98,Delinquent,54
LOAN001657,CUST01657,22,Salaried,927919,Lagos,528,Personal,634900,13.73,24,30086.32,761880.0,0.0,Closed,0
LOAN001658,CUST01658,26,Self-employed,601080,Lagos,699,Personal,1443981,12.15,24,67476.03,926402.14,517578.86,Active,10
LOAN001659,CUST01659,53,Salaried,389728,Port Harcourt,532,Emergency,441728,18.29,24,21771.67,324152.62,117575.38,Active,20
LOAN001660,CUST01660,25,Unemployed,190129,Kano,850,Personal,1426282,8.71,24,64604.63,1549737.2,0.0,Closed,0
LOAN001661,CUST01661,50,Salaried,537059,Lagos,541,Personal,679865,7.66,24,30497.61,549901.62,129963.38,Active,0
LOAN001662,CUST01662,38,Self-employed,1150088,Abuja,680,Emergency,1278035,15.61,18,82085.35,364638.52,913396.48,Delinquent,39
LOAN001663,CUST01663,24,Salaried,497869,Abuja,707,Emergency,1045642,14.57,12,99832.67,1130509.65,0.0,Closed,0
LOAN001664,CUST01664,50,Self-employed,1209793,Abuja,579,Personal,1185404,22.17,6,241368.01,888198.14,297205.86,Active,10
LOAN001665,CUST01665,58,Salaried,1051785,Port Harcourt,750,Business,202232,16.32,12,19603.02,85412.87,116819.13,Active,30
LOAN001666,CUST01666,43,Salaried,600436,Lagos,464,Business,1627836,13.64,18,102770.71,1667118.1,0.0,Closed,0
LOAN001667,CUST01667,32,Self-employed,1458564,Abuja,718,Emergency,833668,12.82,36,26126.23,1000401.6,0.0,Closed,0
LOAN001668,CUST01668,33,Unemployed,1339529,Kano,488,Education,1118598,22.77,12,114441.9,1308623.63,0.0,Closed,0
LOAN001669,CUST01669,63,Self-employed,1092564,Abuja,632,Personal,957524,17.0,24,46679.29,325800.18,631723.8200000001,Active,0
LOAN001670,CUST01670,37,Salaried,824941,Ibadan,850,Emergency,638950,14.29,18,40569.78,575588.73,63361.27000000002,Active,20
LOAN001671,CUST01671,56,Self-employed,859697,Kano,620,Business,1810575,18.77,36,59733.89,1741453.9,69121.1000000001,Defaulted,167
LOAN001672,CUST01672,34,Salaried,1034252,Port Harcourt,797,Education,1500021,14.79,18,95659.67,663143.14,836877.86,Active,0
LOAN001673,CUST01673,30,Salaried,655965,Port Harcourt,845,Education,527819,11.26,18,32625.08,243107.29,284711.70999999996,Defaulted,162
LOAN001674,CUST01674,60,Self-employed,452331,Abuja,840,Business,1135636,18.52,18,74775.32,754839.77,380796.23,Active,30
LOAN001675,CUST01675,47,Salaried,1493537,Kano,633,Business,1490960,18.72,36,49168.55,1421897.82,69062.17999999993,Active,10
LOAN001676,CUST01676,29,Self-employed,295808,Ibadan,609,Education,1887410,10.83,12,174318.04,1121463.33,765946.6699999999,Active,20
LOAN001677,CUST01677,27,Salaried,565131,Port Harcourt,659,Personal,1553744,10.41,36,47652.47,1364956.35,188787.6499999999,Active,20
LOAN001678,CUST01678,34,Salaried,579605,Ibadan,630,Emergency,839707,21.26,24,42426.2,480191.97,359515.03,Active,10
LOAN001679,CUST01679,45,Salaried,1204784,Ibadan,394,Personal,631103,15.22,24,30298.2,488204.31,142898.69,Active,0
LOAN001680,CUST01680,20,Salaried,1049016,Lagos,532,Education,706706,7.39,12,63244.3,627166.55,79539.44999999995,Active,0
LOAN001681,CUST01681,45,Salaried,275363,Abuja,447,Personal,612905,7.55,6,109863.22,247613.79,365291.20999999996,Defaulted,177
LOAN001682,CUST01682,45,Salaried,1434743,Abuja,487,Business,70669,7.23,36,2104.95,14969.97,55699.03,Delinquent,49
LOAN001683,CUST01683,27,Self-employed,512291,Lagos,850,Education,1246670,20.03,36,41566.06,669827.95,576842.05,Active,10
LOAN001684,CUST01684,23,Salaried,511105,Kano,671,Education,1780400,12.67,36,55721.57,1054417.15,725982.8500000001,Active,10
LOAN001685,CUST01685,29,Salaried,1069755,Abuja,665,Education,566304,21.91,12,57531.77,492766.26,73537.73999999999,Active,10
LOAN001686,CUST01686,42,Salaried,275206,Ibadan,506,Business,1457527,11.17,36,45009.24,1059282.47,398244.53,Delinquent,85
LOAN001687,CUST01687,46,Salaried,536918,Abuja,850,Emergency,221960,13.17,24,10466.34,263084.36,0.0,Closed,0
LOAN001688,CUST01688,45,Self-employed,1339859,Kano,527,Education,98290,15.83,18,6324.96,24100.94,74189.06,Active,30
LOAN001689,CUST01689,27,Salaried,725450,Lagos,534,Emergency,1114429,17.31,24,54472.36,742273.12,372155.88,Active,20
LOAN001690,CUST01690,63,Self-employed,403121,Port Harcourt,562,Business,484385,9.36,18,29429.08,436813.39,47571.609999999986,Active,10
LOAN001691,CUST01691,33,Self-employed,845751,Lagos,792,Emergency,1035059,24.21,36,35712.41,1242070.8,0.0,Closed,0
LOAN001692,CUST01692,45,Salaried,95884,Lagos,773,Emergency,773903,12.19,6,144706.96,629780.75,144122.25,Active,30
LOAN001693,CUST01693,48,Salaried,584618,Abuja,582,Business,614388,12.33,18,38341.22,664626.58,0.0,Closed,0
LOAN001694,CUST01694,20,Self-employed,509563,Ibadan,659,Education,1402681,15.34,36,44940.34,708543.02,694137.98,Delinquent,85
LOAN001695,CUST01695,23,Self-employed,150618,Kano,666,Personal,238686,19.14,12,23697.54,240712.64,0.0,Closed,0
LOAN001696,CUST01696,35,Salaried,575108,Abuja,553,Business,585078,14.06,18,37074.44,162008.72,423069.28,Active,30
LOAN001697,CUST01697,36,Salaried,908709,Kano,640,Emergency,1141584,6.34,6,202326.74,830854.13,310729.87,Active,10
LOAN001698,CUST01698,56,Self-employed,937648,Lagos,483,Personal,545442,5.34,12,47880.72,654530.4,0.0,Closed,0
LOAN001699,CUST01699,41,Salaried,262882,Abuja,828,Business,1692371,8.57,6,306234.53,1525971.62,166399.3799999999,Delinquent,66
LOAN001700,CUST01700,28,Unemployed,1169160,Port Harcourt,601,Personal,565158,20.74,18,37909.54,678189.6,0.0,Closed,0
LOAN001701,CUST01701,26,Salaried,1100490,Abuja,718,Education,169223,12.88,12,15918.24,151865.6,17357.399999999994,Active,10
LOAN001702,CUST01702,33,Self-employed,1253481,Abuja,638,Personal,1019734,9.92,12,93407.63,824602.31,195131.68999999994,Delinquent,76
LOAN001703,CUST01703,61,Unemployed,190664,Ibadan,346,Emergency,335011,5.01,24,14658.13,295075.22,39935.78000000003,Active,30
LOAN001704,CUST01704,63,Salaried,1151111,Ibadan,665,Education,1407598,23.87,18,96866.2,1343722.4,63875.60000000009,Delinquent,67
LOAN001705,CUST01705,31,Unemployed,1147797,Lagos,850,Education,400005,15.06,24,19176.91,273306.43,126698.57,Active,0
LOAN001706,CUST01706,38,Salaried,675878,Ibadan,601,Business,1946171,13.25,24,91834.94,1065567.15,880603.8500000001,Active,0
LOAN001707,CUST01707,46,Salaried,83641,Kano,550,Business,1675443,17.77,12,164430.77,2010531.6,0.0,Closed,0
LOAN001708,CUST01708,34,Self-employed,1411201,Ibadan,632,Emergency,881228,9.89,6,161396.91,515487.9,365740.1,Defaulted,146
LOAN001709,CUST01709,26,Self-employed,1028004,Ibadan,674,Personal,829232,22.65,24,42377.21,831073.18,0.0,Closed,0
LOAN001710,CUST01710,40,Unemployed,564569,Ibadan,586,Emergency,1931226,17.8,6,379164.04,699514.0,1231712.0,Active,0
LOAN001711,CUST01711,48,Self-employed,1420346,Lagos,640,Emergency,213836,16.96,18,13894.59,121414.73,92421.27,Delinquent,66
LOAN001712,CUST01712,27,Salaried,192093,Kano,700,Education,455755,11.21,36,14079.03,400040.36,55714.640000000014,Active,0
LOAN001713,CUST01713,39,Salaried,175592,Kano,777,Emergency,508634,17.61,18,33233.58,110473.51,398160.49,Active,30
LOAN001714,CUST01714,49,Self-employed,777556,Ibadan,816,Personal,647535,12.36,36,20210.29,534715.4,112819.59999999998,Active,30
LOAN001715,CUST01715,42,Self-employed,1447374,Port Harcourt,782,Emergency,1578120,19.98,36,52595.23,1393889.48,184230.52000000002,Active,10
LOAN001716,CUST01716,35,Salaried,1382120,Ibadan,811,Business,348238,20.24,12,34893.45,309919.14,38318.859999999986,Active,30
LOAN001717,CUST01717,44,Salaried,137853,Abuja,638,Emergency,75406,24.07,12,7796.35,68368.75,7037.25,Active,10
LOAN001718,CUST01718,28,Salaried,1197259,Lagos,756,Education,1971140,9.21,6,358780.33,2365368.0,0.0,Closed,0
LOAN001719,CUST01719,25,Self-employed,1062220,Lagos,496,Emergency,509474,14.37,12,48557.12,469797.86,39676.140000000014,Defaulted,153
LOAN001720,CUST01720,58,Self-employed,768771,Port Harcourt,685,Business,830384,22.01,18,56286.2,301850.99,528533.01,Active,20
LOAN001721,CUST01721,33,Self-employed,1450377,Abuja,576,Personal,1552743,16.8,18,100755.77,1232344.36,320398.6399999999,Delinquent,80
LOAN001722,CUST01722,21,Salaried,959898,Kano,840,Education,738188,23.8,18,50770.93,584862.52,153325.47999999998,Active,30
LOAN001723,CUST01723,47,Salaried,590315,Abuja,513,Personal,360319,16.1,12,34860.86,345409.27,14909.729999999981,Delinquent,46
LOAN001724,CUST01724,23,Salaried,1187095,Abuja,553,Business,915379,19.85,24,45711.74,655912.4,259466.59999999998,Active,20
LOAN001725,CUST01725,45,Salaried,1356647,Ibadan,600,Emergency,1997016,18.26,18,131203.95,1265489.12,731526.8799999999,Defaulted,97
LOAN001726,CUST01726,49,Salaried,373057,Ibadan,499,Emergency,114163,11.68,18,7083.18,69263.41,44899.59,Active,10
LOAN001727,CUST01727,39,Salaried,1284012,Abuja,582,Education,951996,21.99,18,64518.88,677538.98,274457.02,Active,10
LOAN001728,CUST01728,27,Salaried,1294546,Kano,850,Emergency,223808,7.01,6,39916.16,0.0,223808.0,Delinquent,31
LOAN001729,CUST01729,21,Self-employed,1083158,Lagos,604,Emergency,1714277,21.16,12,173084.83,1845643.58,0.0,Closed,0
LOAN001730,CUST01730,60,Salaried,422397,Kano,509,Personal,661158,24.67,18,45792.54,499601.21,161556.78999999998,Active,20
LOAN001731,CUST01731,55,Salaried,134787,Lagos,850,Personal,699629,11.6,6,130130.99,839554.8,0.0,Closed,0
LOAN001732,CUST01732,49,Salaried,1338413,Lagos,772,Education,1984729,8.84,12,180014.92,1581845.13,402883.8700000001,Delinquent,83
LOAN001733,CUST01733,47,Salaried,1294387,Kano,489,Education,1805001,15.52,36,57920.48,1448668.59,356332.4099999999,Active,0
LOAN001734,CUST01734,20,Self-employed,380079,Ibadan,665,Education,1517886,15.3,24,72921.77,950884.22,567001.78,Active,20
LOAN001735,CUST01735,36,Salaried,1444624,Ibadan,623,Emergency,1041240,21.21,18,70115.94,638942.02,402297.98,Defaulted,129
LOAN001736,CUST01736,27,Self-employed,543093,Abuja,640,Personal,1826545,11.19,18,112829.74,1319825.13,506719.8700000001,Active,30
LOAN001737,CUST01737,27,Salaried,216625,Lagos,522,Education,1885305,7.35,6,337312.49,1443535.71,441769.29000000004,Defaulted,106
LOAN001738,CUST01738,59,Self-employed,747781,Kano,495,Education,1264817,9.79,24,57860.11,676544.49,588272.51,Active,0
LOAN001739,CUST01739,43,Self-employed,489923,Abuja,397,Education,1426112,5.68,12,125592.93,1487926.35,0.0,Closed,0
LOAN001740,CUST01740,42,Salaried,188528,Abuja,816,Emergency,1813959,22.06,18,123006.58,1988238.93,0.0,Closed,0
LOAN001741,CUST01741,65,Self-employed,1022038,Ibadan,337,Education,883596,20.67,18,59235.29,582595.33,301000.67000000004,Active,20
LOAN001742,CUST01742,23,Self-employed,1238180,Ibadan,642,Education,435796,5.15,12,38186.62,279609.69,156186.31,Defaulted,143
LOAN001743,CUST01743,30,Salaried,360730,Abuja,588,Emergency,344316,9.8,36,10501.64,153847.46,190468.54,Active,20
LOAN001744,CUST01744,57,Self-employed,130633,Port Harcourt,729,Education,1374431,12.21,18,85680.5,1649317.2,0.0,Closed,0
LOAN001745,CUST01745,39,Salaried,55740,Kano,458,Education,1668095,21.49,36,56293.57,788393.02,879701.98,Active,10
LOAN001746,CUST01746,45,Salaried,1163313,Lagos,624,Emergency,1158837,24.87,36,40195.55,755439.82,403397.18000000005,Defaulted,115
LOAN001747,CUST01747,19,Salaried,1289364,Ibadan,585,Personal,1179929,24.94,24,61425.14,1060590.69,119338.31000000006,Active,20
LOAN001748,CUST01748,55,Self-employed,1045135,Abuja,850,Emergency,925026,23.58,36,31754.09,835714.62,89311.38,Active,20
LOAN001749,CUST01749,43,Salaried,605117,Port Harcourt,644,Personal,1417457,22.04,12,144155.38,1409874.04,7582.959999999963,Active,20
LOAN001750,CUST01750,45,Salaried,1163048,Lagos,607,Personal,515150,24.04,24,26624.67,358057.51,157092.49,Active,0
LOAN001751,CUST01751,19,Salaried,623853,Kano,574,Education,1936375,15.93,24,93534.98,2138130.31,0.0,Closed,0
LOAN001752,CUST01752,25,Self-employed,1308804,Abuja,656,Emergency,1091520,24.78,12,113499.89,833448.45,258071.55000000005,Active,20
LOAN001753,CUST01753,23,Self-employed,1225987,Port Harcourt,485,Business,421692,15.9,12,40728.42,252789.49,168902.51,Active,30
LOAN001754,CUST01754,60,Salaried,1056348,Port Harcourt,642,Emergency,322372,23.62,18,22139.79,273014.38,49357.619999999995,Active,20
LOAN001755,CUST01755,37,Unemployed,389448,Kano,585,Personal,478014,19.58,18,31756.06,430247.08,47766.919999999984,Active,20
LOAN001756,CUST01756,33,Unemployed,209857,Lagos,544,Education,1881277,7.43,6,336842.65,2099968.66,0.0,Closed,0
LOAN001757,CUST01757,52,Salaried,425328,Ibadan,440,Personal,996427,11.75,36,30930.75,1195712.4,0.0,Closed,0
LOAN001758,CUST01758,29,Self-employed,1059237,Ibadan,707,Business,633638,20.71,18,42492.47,557874.55,75763.44999999995,Delinquent,53
LOAN001759,CUST01759,23,Unemployed,1193586,Lagos,700,Business,1571096,5.36,36,45980.74,803353.04,767742.96,Delinquent,81
LOAN001760,CUST01760,30,Salaried,355791,Ibadan,383,Education,1144895,21.3,36,38576.6,1298145.61,0.0,Closed,0
LOAN001761,CUST01761,31,Salaried,112472,Abuja,350,Business,866375,20.85,24,43625.59,780450.91,85924.08999999997,Active,30
LOAN001762,CUST01762,60,Self-employed,1352488,Ibadan,845,Emergency,1672070,16.73,6,325301.22,769654.76,902415.24,Defaulted,119
LOAN001763,CUST01763,18,Salaried,862175,Kano,509,Education,823578,8.98,6,149589.22,473940.63,349637.37,Active,10
LOAN001764,CUST01764,38,Unemployed,85906,Ibadan,850,Personal,831267,17.97,24,40860.24,574088.52,257178.47999999998,Delinquent,31
LOAN001765,CUST01765,49,Self-employed,331185,Kano,523,Education,1297068,15.41,6,249491.03,260056.07,1037011.9299999999,Active,30
LOAN001766,CUST01766,33,Self-employed,301140,Port Harcourt,850,Emergency,118115,20.72,18,7921.58,141646.99,0.0,Closed,0
LOAN001767,CUST01767,62,Salaried,665412,Port Harcourt,501,Emergency,273502,6.1,18,16121.42,196639.91,76862.09,Active,10
LOAN001768,CUST01768,51,Salaried,370941,Port Harcourt,841,Personal,1832027,13.24,6,345764.56,2198432.4,0.0,Closed,0
LOAN001769,CUST01769,29,Salaried,1094983,Lagos,552,Business,678768,13.14,6,127993.02,647330.25,31437.75,Defaulted,131
LOAN001770,CUST01770,39,Self-employed,1150909,Port Harcourt,630,Personal,1835871,7.0,6,327397.0,1349899.79,485971.20999999996,Active,20
LOAN001771,CUST01771,53,Salaried,432979,Kano,824,Personal,1271021,21.01,12,128171.88,1079421.44,191599.56000000006,Active,20
LOAN001772,CUST01772,53,Unemployed,1201203,Port Harcourt,520,Personal,1875152,18.81,18,123770.45,1901076.19,0.0,Closed,0
LOAN001773,CUST01773,23,Self-employed,896514,Port Harcourt,687,Education,135432,11.24,24,6277.27,157500.5,0.0,Closed,0
LOAN001774,CUST01774,20,Salaried,159164,Ibadan,825,Education,247792,23.98,36,8533.68,236918.82,10873.179999999993,Active,30
LOAN001775,CUST01775,23,Salaried,901419,Port Harcourt,645,Business,604240,8.18,36,18157.41,251681.63,352558.37,Delinquent,46
LOAN001776,CUST01776,48,Self-employed,438244,Abuja,461,Business,1243311,19.01,6,246610.74,734254.26,509056.74,Active,0
LOAN001777,CUST01777,18,Self-employed,405193,Kano,850,Education,1774227,22.28,36,60264.58,1515212.91,259014.09000000008,Active,30
LOAN001778,CUST01778,45,Self-employed,1259408,Abuja,646,Emergency,1677940,21.84,24,85183.42,332192.98,1345747.02,Active,0
LOAN001779,CUST01779,55,Self-employed,453642,Port Harcourt,664,Education,663849,11.89,24,30949.19,625453.89,38395.109999999986,Defaulted,142
LOAN001780,CUST01780,18,Self-employed,572255,Lagos,494,Emergency,1915558,7.49,24,85793.05,1371657.5,543900.5,Active,30
LOAN001781,CUST01781,60,Salaried,1288866,Abuja,559,Business,580445,18.83,36,19159.52,475869.72,104575.28000000003,Active,0
LOAN001782,CUST01782,31,Salaried,134318,Port Harcourt,793,Personal,574279,19.9,6,114760.09,53421.44,520857.56,Active,10
LOAN001783,CUST01783,44,Salaried,1254970,Lagos,656,Education,490831,19.34,6,97626.29,509244.89,0.0,Closed,0
LOAN001784,CUST01784,44,Salaried,482712,Ibadan,778,Education,358255,19.49,6,71346.48,293311.4,64943.59999999998,Delinquent,51
LOAN001785,CUST01785,60,Self-employed,979901,Abuja,758,Emergency,1848845,17.7,12,181340.88,1511064.53,337780.47,Active,10
LOAN001786,CUST01786,21,Unemployed,1075325,Lagos,807,Emergency,967400,5.98,6,170875.09,639214.72,328185.28,Active,10
LOAN001787,CUST01787,29,Salaried,1149499,Ibadan,673,Personal,916971,7.21,18,54615.81,775973.61,140997.39,Active,20
LOAN001788,CUST01788,46,Self-employed,1042443,Abuja,684,Education,1160635,6.31,24,51411.29,428253.04,732381.96,Active,10
LOAN001789,CUST01789,19,Unemployed,1049995,Abuja,573,Emergency,615475,8.21,12,55500.46,307992.01,307482.99,Active,10
LOAN001790,CUST01790,51,Salaried,856526,Port Harcourt,522,Personal,1207096,15.19,12,115871.16,610051.0,597045.0,Active,20
LOAN001791,CUST01791,19,Self-employed,620031,Lagos,809,Personal,1133138,20.99,24,57124.32,1359765.6,0.0,Closed,0
LOAN001792,CUST01792,57,Self-employed,555887,Kano,503,Business,578689,21.19,36,19480.92,694426.8,0.0,Closed,0
LOAN001793,CUST01793,54,Salaried,1366003,Port Harcourt,494,Personal,1157983,5.07,6,202782.12,893240.44,264742.56000000006,Active,30
LOAN001794,CUST01794,55,Salaried,1058770,Abuja,539,Emergency,277470,19.65,24,13833.04,150192.16,127277.84,Active,20
LOAN001795,CUST01795,24,Self-employed,1454748,Ibadan,602,Emergency,1311588,16.3,18,84743.16,1471438.05,0.0,Closed,0
LOAN001796,CUST01796,40,Salaried,1359921,Ibadan,722,Business,563559,11.49,18,34906.22,603297.69,0.0,Closed,0
LOAN001797,CUST01797,19,Salaried,1166704,Lagos,472,Personal,527264,13.62,36,16641.04,632716.8,0.0,Closed,0
LOAN001798,CUST01798,31,Self-employed,1235224,Ibadan,787,Emergency,535080,13.21,6,100960.68,603447.16,0.0,Closed,0
LOAN001799,CUST01799,32,Unemployed,1171935,Abuja,770,Business,202261,7.05,36,6014.46,92632.78,109628.22,Active,10
LOAN001800,CUST01800,59,Salaried,827785,Kano,622,Emergency,587828,5.23,36,17182.54,500149.63,87678.37,Active,20
LOAN001801,CUST01801,56,Salaried,488481,Kano,563,Business,1986860,9.73,6,363363.58,999031.66,987828.34,Active,20
LOAN001802,CUST01802,49,Salaried,142632,Abuja,650,Emergency,631082,15.82,6,121819.86,757298.4,0.0,Closed,0
LOAN001803,CUST01803,62,Salaried,743620,Port Harcourt,555,Education,1106336,16.66,36,35851.43,1089341.57,16994.429999999935,Active,30
LOAN001804,CUST01804,19,Salaried,998658,Port Harcourt,779,Business,394550,5.54,6,69401.34,203605.21,190944.79,Defaulted,163
LOAN001805,CUST01805,30,Self-employed,410853,Abuja,600,Education,541194,19.75,12,54006.65,186780.74,354413.26,Active,10
LOAN001806,CUST01806,41,Salaried,1016483,Port Harcourt,663,Emergency,992600,9.51,12,90583.02,754582.68,238017.31999999995,Active,10
LOAN001807,CUST01807,41,Self-employed,372813,Lagos,697,Business,1798227,23.02,24,92174.12,1252055.14,546171.8600000001,Active,10
LOAN001808,CUST01808,44,Self-employed,1485373,Lagos,738,Emergency,931551,7.17,12,83195.27,892292.39,39258.609999999986,Active,10
LOAN001809,CUST01809,61,Self-employed,530787,Kano,615,Education,398523,10.32,36,12212.52,181032.6,217490.4,Delinquent,87
LOAN001810,CUST01810,31,Salaried,1000125,Ibadan,757,Emergency,1296273,15.66,36,41646.37,1436826.4,0.0,Closed,0
LOAN001811,CUST01811,64,Self-employed,410993,Lagos,692,Business,1716641,13.9,18,108625.23,580468.7,1136172.3,Active,10
LOAN001812,CUST01812,62,Salaried,901058,Abuja,655,Personal,1670171,15.71,6,322092.48,261435.92,1408735.08,Delinquent,38
LOAN001813,CUST01813,53,Self-employed,531795,Ibadan,536,Emergency,1168920,23.99,6,241557.32,1402704.0,0.0,Closed,0
LOAN001814,CUST01814,26,Salaried,1412425,Abuja,741,Personal,1596885,21.33,6,322916.76,797968.36,798916.64,Active,10
LOAN001815,CUST01815,39,Self-employed,1116225,Kano,574,Personal,1190159,22.69,12,121683.84,341765.52,848393.48,Active,0
LOAN001816,CUST01816,31,Salaried,594542,Abuja,573,Business,1201142,7.72,12,107822.51,1115779.65,85362.3500000001,Active,30
LOAN001817,CUST01817,65,Salaried,1384311,Port Harcourt,739,Emergency,360005,17.5,6,70500.98,244518.64,115486.35999999999,Active,0
LOAN001818,CUST01818,19,Self-employed,395263,Lagos,682,Personal,1826761,11.75,6,340234.24,1601089.93,225671.07000000007,Delinquent,80
LOAN001819,CUST01819,48,Salaried,225392,Lagos,694,Emergency,1638715,19.84,36,54551.0,1062318.82,576396.1799999999,Active,10
LOAN001820,CUST01820,40,Self-employed,1180430,Port Harcourt,704,Emergency,170056,20.75,36,5703.96,121229.55,48826.45,Active,10
LOAN001821,CUST01821,28,Salaried,1459660,Lagos,628,Business,1967340,15.08,18,125778.6,1182214.72,785125.28,Delinquent,47
LOAN001822,CUST01822,27,Self-employed,1309021,Abuja,645,Education,1182490,14.54,24,56434.34,535682.94,646807.06,Active,0
LOAN001823,CUST01823,47,Self-employed,1101544,Lagos,516,Personal,139044,11.28,24,6447.01,70453.56,68590.44,Active,30
LOAN001824,CUST01824,23,Salaried,1306637,Port Harcourt,675,Education,1438392,10.23,12,132128.29,1190410.84,247981.15999999992,Active,20
LOAN001825,CUST01825,50,Salaried,1161564,Abuja,598,Education,842138,16.26,12,81589.14,829389.82,12748.180000000051,Active,20
LOAN001826,CUST01826,64,Self-employed,825036,Lagos,716,Personal,817999,11.2,12,75801.24,713635.3,104363.69999999995,Delinquent,55
LOAN001827,CUST01827,57,Salaried,1360755,Port Harcourt,550,Personal,902978,9.16,24,41070.45,797719.79,105258.20999999996,Active,30
LOAN001828,CUST01828,35,Self-employed,1359457,Lagos,693,Personal,1845489,23.49,12,189916.2,1466811.35,378677.6499999999,Active,0
LOAN001829,CUST01829,34,Salaried,871405,Port Harcourt,399,Business,1158503,7.49,36,34590.97,871372.13,287130.87,Defaulted,90
LOAN001830,CUST01830,63,Unemployed,1198143,Abuja,850,Personal,1095319,22.61,12,111914.22,874225.45,221093.55000000005,Active,30
LOAN001831,CUST01831,64,Salaried,888249,Abuja,562,Education,374766,18.46,12,36995.65,240595.36,134170.64,Active,20
LOAN001832,CUST01832,41,Salaried,904885,Kano,687,Emergency,93430,9.85,24,4276.37,80537.09,12892.910000000003,Delinquent,39
LOAN001833,CUST01833,20,Salaried,498526,Ibadan,499,Education,1682202,10.04,24,77128.96,1863577.94,0.0,Closed,0
LOAN001834,CUST01834,20,Salaried,1374628,Abuja,720,Emergency,793809,23.92,18,54649.34,769529.62,24279.380000000005,Delinquent,86
LOAN001835,CUST01835,60,Self-employed,530413,Lagos,690,Emergency,823948,11.8,12,76764.49,582824.59,241123.41000000003,Active,0
LOAN001836,CUST01836,50,Salaried,841194,Kano,754,Personal,1711141,10.6,18,105140.11,1811819.82,0.0,Closed,0
LOAN001837,CUST01837,39,Self-employed,523676,Abuja,748,Emergency,822531,9.83,36,25094.05,334847.6,487683.4,Active,20
LOAN001838,CUST01838,36,Self-employed,1329462,Abuja,658,Business,179037,18.47,18,11783.62,130803.25,48233.75,Active,0
LOAN001839,CUST01839,55,Salaried,503264,Port Harcourt,631,Personal,1654418,21.48,12,167482.25,1277143.03,377274.97,Delinquent,47
LOAN001840,CUST01840,23,Self-employed,877787,Lagos,639,Emergency,1741782,7.83,6,313027.26,1929044.9,0.0,Closed,0
LOAN001841,CUST01841,33,Salaried,1153545,Kano,602,Personal,1892550,20.75,36,63479.28,783773.39,1108776.6099999999,Active,10
LOAN001842,CUST01842,20,Self-employed,1373037,Ibadan,797,Personal,1083017,9.34,24,49340.45,870321.57,212695.43000000005,Active,10
LOAN001843,CUST01843,42,Unemployed,211146,Lagos,547,Emergency,1975458,20.0,36,65848.6,1839009.97,136448.03000000003,Active,20
LOAN001844,CUST01844,18,Self-employed,1100009,Lagos,681,Business,1683499,16.05,36,54269.46,2020198.8,0.0,Closed,0
LOAN001845,CUST01845,39,Self-employed,487683,Ibadan,631,Personal,1750134,5.59,6,307994.42,1982231.91,0.0,Closed,0
LOAN001846,CUST01846,39,Salaried,1202889,Ibadan,750,Emergency,1302412,15.48,6,250670.9,1185205.04,117206.95999999996,Active,30
LOAN001847,CUST01847,64,Self-employed,603411,Ibadan,776,Personal,1776041,24.58,6,368765.31,1981099.88,0.0,Closed,0
LOAN001848,CUST01848,26,Self-employed,1352453,Lagos,612,Personal,871583,12.36,18,54406.15,881744.87,0.0,Closed,0
LOAN001849,CUST01849,24,Self-employed,702692,Kano,689,Education,1745575,7.46,36,52105.41,1009773.57,735801.43,Active,20
LOAN001850,CUST01850,55,Salaried,523629,Abuja,623,Emergency,1161256,14.55,6,221703.12,1196022.17,0.0,Closed,0
LOAN001851,CUST01851,56,Salaried,458327,Kano,824,Business,1566144,8.15,12,141148.73,1675071.8,0.0,Closed,0
LOAN001852,CUST01852,20,Salaried,204143,Port Harcourt,549,Business,626758,11.7,24,29170.36,297775.06,328982.94,Active,20
LOAN001853,CUST01853,33,Salaried,1139848,Ibadan,686,Emergency,1616877,5.86,18,95090.33,1144566.99,472310.01,Active,20
LOAN001854,CUST01854,65,Salaried,948985,Abuja,812,Emergency,1708285,19.88,36,56885.89,1012380.76,695904.24,Active,0
LOAN001855,CUST01855,41,Unemployed,87683,Ibadan,654,Emergency,454621,22.5,6,92818.45,398802.66,55818.340000000026,Active,10
LOAN001856,CUST01856,22,Salaried,1323867,Port Harcourt,492,Business,1877112,20.25,24,94051.13,599225.1,1277886.9,Active,30
LOAN001857,CUST01857,50,Unemployed,259601,Kano,394,Business,1659762,9.37,18,100848.98,1384744.04,275017.95999999996,Active,30
LOAN001858,CUST01858,45,Salaried,964862,Kano,631,Business,1067928,17.53,24,52297.32,1125373.15,0.0,Closed,0
LOAN001859,CUST01859,65,Salaried,1352706,Lagos,850,Personal,1149939,21.63,18,77703.93,1379926.8,0.0,Closed,0
LOAN001860,CUST01860,39,Salaried,557720,Port Harcourt,637,Business,1212935,5.1,36,35410.96,843675.47,369259.53,Defaulted,114
LOAN001861,CUST01861,26,Self-employed,1050104,Ibadan,850,Personal,1964121,16.01,36,63293.8,2059723.52,0.0,Closed,0
LOAN001862,CUST01862,46,Salaried,494513,Lagos,435,Personal,834969,17.29,6,163222.52,215915.7,619053.3,Active,20
LOAN001863,CUST01863,54,Salaried,1114093,Abuja,719,Personal,1233762,16.62,6,239802.21,695088.63,538673.37,Delinquent,49
LOAN001864,CUST01864,54,Unemployed,1000236,Kano,778,Emergency,1272428,21.15,24,64231.11,1143991.76,128436.23999999999,Delinquent,76
LOAN001865,CUST01865,56,Salaried,1359637,Kano,372,Emergency,838252,22.39,18,56996.48,326994.34,511257.66,Delinquent,72
LOAN001866,CUST01866,55,Self-employed,238019,Ibadan,550,Business,669808,7.9,18,40151.27,674767.43,0.0,Closed,0
LOAN001867,CUST01867,57,Salaried,358138,Abuja,667,Business,265889,10.89,36,8190.12,38408.63,227480.37,Delinquent,67
LOAN001868,CUST01868,45,Salaried,449246,Ibadan,635,Personal,1809901,20.61,12,181910.13,1788096.59,21804.409999999916,Active,10
LOAN001869,CUST01869,47,Self-employed,905258,Ibadan,630,Personal,98152,24.8,24,5103.9,60132.38,38019.62,Active,0
LOAN001870,CUST01870,51,Salaried,1396237,Kano,488,Business,1621346,9.32,36,49234.87,1035756.64,585589.36,Defaulted,119
LOAN001871,CUST01871,26,Self-employed,733206,Kano,712,Personal,1313324,23.16,12,134790.82,703410.81,609913.19,Delinquent,64
LOAN001872,CUST01872,27,Self-employed,647062,Kano,670,Emergency,1931671,11.89,24,90056.11,1635166.38,296504.6200000001,Delinquent,38
LOAN001873,CUST01873,52,Salaried,765841,Abuja,628,Emergency,1737337,21.98,12,176600.31,784330.27,953006.73,Active,20
LOAN001874,CUST01874,58,Salaried,1436046,Lagos,671,Business,1693330,16.01,36,54567.56,164050.63,1529279.37,Active,30
LOAN001875,CUST01875,30,Salaried,81316,Kano,473,Education,1746055,13.52,12,165176.8,2058000.49,0.0,Closed,0
LOAN001876,CUST01876,35,Salaried,1248537,Ibadan,689,Business,1987403,20.01,18,132504.57,1141209.93,846193.0700000001,Delinquent,80
LOAN001877,CUST01877,35,Salaried,554576,Lagos,596,Personal,1671402,11.21,36,51632.39,1881752.61,0.0,Closed,0
LOAN001878,CUST01878,42,Salaried,394447,Lagos,413,Personal,519205,5.02,36,15146.36,281577.8,237627.2,Active,30
LOAN001879,CUST01879,57,Self-employed,294913,Port Harcourt,850,Personal,1650659,12.74,12,155079.41,1289216.57,361442.42999999993,Active,10
LOAN001880,CUST01880,36,Unemployed,150487,Kano,647,Personal,836833,15.56,36,26862.34,697255.56,139577.43999999994,Active,0
LOAN001881,CUST01881,59,Salaried,724009,Ibadan,648,Business,905199,20.47,36,30291.48,766363.83,138835.17000000004,Active,30
LOAN001882,CUST01882,46,Self-employed,155485,Ibadan,748,Education,512444,17.75,18,33522.38,259345.7,253098.3,Active,30
LOAN001883,CUST01883,44,Salaried,869436,Abuja,652,Business,1548027,23.86,12,159782.19,1265865.73,282161.27,Delinquent,79
LOAN001884,CUST01884,48,Salaried,772574,Ibadan,806,Personal,1724926,6.84,24,76787.96,788964.23,935961.77,Delinquent,83
LOAN001885,CUST01885,22,Salaried,387582,Abuja,583,Business,1312062,6.34,18,77513.71,1245685.86,66376.1399999999,Active,20
LOAN001886,CUST01886,40,Salaried,475022,Abuja,590,Business,237038,23.74,18,16295.05,249019.67,0.0,Closed,0
LOAN001887,CUST01887,18,Unemployed,772974,Abuja,558,Business,891612,7.17,36,26542.79,459535.89,432076.11,Defaulted,149
LOAN001888,CUST01888,33,Salaried,1471937,Kano,706,Education,1314429,8.27,24,59297.18,287438.59,1026990.4099999999,Active,30
LOAN001889,CUST01889,31,Salaried,327571,Ibadan,502,Personal,1195281,16.47,18,77341.32,239840.95,955440.05,Active,10
LOAN001890,CUST01890,55,Salaried,1450637,Port Harcourt,639,Personal,694031,10.29,6,127574.46,88366.52,605664.48,Delinquent,41
LOAN001891,CUST01891,21,Self-employed,345386,Abuja,610,Emergency,666597,15.21,6,127997.73,469886.8,196710.2,Active,20
LOAN001892,CUST01892,47,Self-employed,479686,Ibadan,509,Business,1794831,7.03,24,80041.98,784748.02,1010082.98,Active,10
LOAN001893,CUST01893,55,Salaried,441429,Kano,583,Business,1798936,8.23,6,324498.07,1599813.5,199122.5,Delinquent,88
LOAN001894,CUST01894,65,Self-employed,264618,Ibadan,543,Emergency,597562,15.39,24,28730.28,504884.61,92677.39000000001,Active,20
LOAN001895,CUST01895,50,Self-employed,540449,Abuja,806,Education,1867357,21.53,36,63038.86,1501950.38,365406.6200000001,Active,0
LOAN001896,CUST01896,49,Salaried,906529,Kano,600,Emergency,530055,16.45,24,25718.71,490751.28,39303.71999999997,Defaulted,92
LOAN001897,CUST01897,33,Self-employed,894693,Ibadan,621,Business,299550,14.07,6,56949.45,247775.69,51774.31,Active,30
LOAN001898,CUST01898,29,Salaried,82425,Abuja,610,Education,54721,12.52,12,5131.01,41170.11,13550.89,Active,10
LOAN001899,CUST01899,52,Self-employed,737636,Ibadan,675,Personal,230751,24.84,18,16003.86,161687.1,69063.9,Active,20
LOAN001900,CUST01900,22,Salaried,1490213,Kano,528,Business,1244185,8.01,6,223974.04,562362.15,681822.85,Active,10
LOAN001901,CUST01901,33,Salaried,736591,Ibadan,457,Education,1007823,20.1,6,201732.57,336045.71,671777.29,Active,20
LOAN001902,CUST01902,20,Self-employed,1196567,Kano,669,Business,382056,7.54,6,68477.17,147020.95,235035.05,Delinquent,82
LOAN001903,CUST01903,50,Self-employed,1438972,Port Harcourt,711,Business,958383,24.5,36,33144.08,462097.54,496285.46,Delinquent,47
LOAN001904,CUST01904,59,Self-employed,675239,Lagos,413,Education,758252,21.92,36,25679.47,576585.53,181666.46999999997,Active,0
LOAN001905,CUST01905,23,Salaried,777249,Port Harcourt,747,Business,1194399,15.15,6,229225.07,1130489.9,63909.10000000009,Active,30
LOAN001906,CUST01906,19,Self-employed,543419,Kano,700,Emergency,892328,13.95,24,42366.99,403190.55,489137.45,Active,10
LOAN001907,CUST01907,47,Salaried,626507,Ibadan,661,Emergency,213560,24.27,6,44231.84,105295.87,108264.13,Delinquent,73
LOAN001908,CUST01908,26,Salaried,856301,Port Harcourt,434,Business,1847309,17.47,24,90418.08,684705.96,1162603.04,Active,10
LOAN001909,CUST01909,43,Unemployed,1085798,Abuja,635,Business,130069,20.81,36,4364.9,82613.96,47455.03999999999,Active,0
LOAN001910,CUST01910,42,Salaried,823179,Kano,507,Education,614820,22.66,18,41896.57,387764.57,227055.43,Delinquent,55
LOAN001911,CUST01911,65,Salaried,1487833,Port Harcourt,682,Education,130354,5.61,6,22944.48,82126.97,48227.03,Active,10
LOAN001912,CUST01912,40,Salaried,612712,Kano,671,Education,1148037,12.86,36,35990.96,845566.09,302470.91000000003,Active,10
LOAN001913,CUST01913,35,Self-employed,439417,Ibadan,790,Business,1379487,24.03,36,47527.16,757290.69,622196.31,Delinquent,85
LOAN001914,CUST01914,34,Salaried,458038,Lagos,708,Education,1940620,23.48,6,399379.6,770713.35,1169906.65,Active,10
LOAN001915,CUST01915,29,Salaried,441332,Port Harcourt,707,Emergency,758602,19.45,24,37756.25,837926.98,0.0,Closed,0
LOAN001916,CUST01916,39,Unemployed,401649,Kano,586,Education,410410,13.07,36,12890.29,282872.11,127537.89000000001,Active,10
LOAN001917,CUST01917,41,Salaried,264372,Port Harcourt,479,Personal,1107973,7.12,24,49452.53,1175366.89,0.0,Closed,0
LOAN001918,CUST01918,49,Salaried,1404384,Port Harcourt,602,Education,601235,24.13,36,20730.92,275944.45,325290.55,Active,20
LOAN001919,CUST01919,61,Salaried,520195,Kano,695,Personal,693027,17.56,6,135787.09,777088.49,0.0,Closed,0
LOAN001920,CUST01920,55,Unemployed,287391,Abuja,612,Education,1306196,14.68,6,249657.6,600309.75,705886.25,Active,20
LOAN001921,CUST01921,47,Salaried,129042,Lagos,564,Education,813832,9.2,18,49372.47,460387.25,353444.75,Active,20
LOAN001922,CUST01922,57,Salaried,737375,Abuja,485,Emergency,504234,19.58,18,33497.95,526252.32,0.0,Closed,0
LOAN001923,CUST01923,46,Self-employed,1047941,Port Harcourt,749,Personal,1150008,6.95,24,51247.23,1380009.6,0.0,Closed,0
LOAN001924,CUST01924,62,Unemployed,83673,Lagos,594,Education,607327,24.05,12,62782.43,654248.17,0.0,Closed,0
LOAN001925,CUST01925,62,Salaried,232739,Kano,478,Emergency,792097,8.55,24,35825.89,558442.47,233654.53000000003,Active,0
LOAN001926,CUST01926,26,Salaried,1227520,Abuja,709,Education,1586167,21.7,24,80431.88,939964.59,646202.41,Active,20
LOAN001927,CUST01927,45,Salaried,893461,Ibadan,517,Personal,336994,23.7,36,11579.49,383775.14,0.0,Closed,0
LOAN001928,CUST01928,37,Self-employed,730431,Abuja,631,Business,1273828,15.13,24,61106.59,815693.49,458134.51,Active,20
LOAN001929,CUST01929,64,Self-employed,1083291,Kano,720,Emergency,1119984,11.75,18,69532.34,371009.53,748974.47,Active,20
LOAN001930,CUST01930,37,Self-employed,812754,Kano,626,Personal,715483,20.75,36,23998.49,381211.42,334271.58,Active,10
LOAN001931,CUST01931,20,Self-employed,224017,Lagos,555,Business,947806,24.71,6,197001.48,582346.4,365459.6,Active,0
LOAN001932,CUST01932,26,Salaried,693492,Lagos,624,Education,531450,16.73,12,51696.8,397464.28,133985.71999999997,Active,10
LOAN001933,CUST01933,58,Salaried,715587,Ibadan,562,Business,61680,11.48,24,2865.04,39379.14,22300.86,Active,10
LOAN001934,CUST01934,42,Salaried,1480247,Kano,848,Emergency,685987,10.69,36,21092.19,580247.18,105739.81999999995,Active,30
LOAN001935,CUST01935,64,Salaried,352141,Port Harcourt,769,Emergency,1833296,18.81,12,181511.58,1451908.41,381387.5900000001,Active,30
LOAN001936,CUST01936,28,Self-employed,363953,Port Harcourt,668,Education,322077,12.33,36,10049.7,107230.2,214846.8,Defaulted,180
LOAN001937,CUST01937,24,Unemployed,488621,Abuja,472,Business,195947,15.52,12,18863.16,82452.44,113494.56,Delinquent,82
LOAN001938,CUST01938,21,Salaried,181943,Ibadan,793,Personal,1322088,7.86,6,237667.35,698311.78,623776.22,Active,0
LOAN001939,CUST01939,31,Salaried,238431,Kano,679,Emergency,921089,10.25,12,84625.05,953331.49,0.0,Closed,0
LOAN001940,CUST01940,60,Salaried,773532,Ibadan,626,Business,396154,20.34,24,19863.82,114959.86,281194.14,Active,0
LOAN001941,CUST01941,53,Self-employed,428882,Port Harcourt,671,Emergency,1056799,14.29,18,67100.87,888250.13,168548.87,Delinquent,54
LOAN001942,CUST01942,50,Salaried,334513,Ibadan,543,Emergency,1859292,16.42,6,360764.62,366023.8,1493268.2,Active,0
LOAN001943,CUST01943,63,Salaried,1429250,Ibadan,714,Personal,1579990,7.04,6,281870.22,1154619.83,425370.1699999999,Active,10
LOAN001944,CUST01944,54,Salaried,1403544,Kano,630,Business,182795,14.14,12,17386.85,16663.89,166131.11,Active,10
LOAN001945,CUST01945,65,Salaried,111376,Ibadan,751,Business,411850,8.1,36,12366.94,326561.89,85288.10999999999,Defaulted,117
LOAN001946,CUST01946,33,Self-employed,261413,Kano,719,Business,1726469,11.54,36,53491.76,1653710.89,72758.1100000001,Active,20
LOAN001947,CUST01947,52,Self-employed,545881,Abuja,421,Education,731789,18.07,12,72001.94,373225.45,358563.55,Delinquent,85
LOAN001948,CUST01948,65,Unemployed,1215899,Ibadan,770,Business,609474,13.36,24,28787.49,385238.87,224235.13,Delinquent,60
LOAN001949,CUST01949,54,Self-employed,388819,Port Harcourt,735,Education,657844,9.94,6,120538.95,768385.71,0.0,Closed,0
LOAN001950,CUST01950,56,Salaried,582459,Kano,695,Emergency,1675148,14.96,6,320958.36,1472123.83,203024.16999999993,Active,30
LOAN001951,CUST01951,60,Salaried,55637,Kano,634,Emergency,415597,13.8,12,39412.45,242361.37,173235.63,Active,10
LOAN001952,CUST01952,63,Unemployed,1155199,Port Harcourt,536,Business,1557358,7.25,24,69594.44,1868829.6,0.0,Closed,0
LOAN001953,CUST01953,27,Unemployed,1265464,Lagos,611,Personal,1968853,15.38,12,189305.22,2362623.6,0.0,Closed,0
LOAN001954,CUST01954,53,Self-employed,332520,Abuja,481,Business,882845,19.58,6,175951.01,1013179.08,0.0,Closed,0
LOAN001955,CUST01955,51,Self-employed,128972,Kano,561,Emergency,606398,20.22,24,30375.49,561385.84,45012.16000000003,Active,30
LOAN001956,CUST01956,29,Self-employed,782562,Abuja,676,Emergency,1503996,19.8,18,100099.29,489430.14,1014565.86,Active,20
LOAN001957,CUST01957,30,Self-employed,177676,Lagos,548,Education,1984722,20.01,6,396977.48,2089597.76,0.0,Closed,0
LOAN001958,CUST01958,38,Salaried,683557,Lagos,638,Emergency,863382,17.91,36,28278.16,259269.48,604112.52,Delinquent,67
LOAN001959,CUST01959,23,Salaried,189268,Lagos,715,Business,1878350,8.26,12,169458.48,1359492.26,518857.74,Delinquent,67
LOAN001960,CUST01960,65,Salaried,1398283,Port Harcourt,642,Personal,1684143,23.54,36,57794.17,1742883.17,0.0,Closed,0
LOAN001961,CUST01961,30,Salaried,243934,Lagos,676,Business,1052373,10.54,36,32313.7,1262847.6,0.0,Closed,0
LOAN001962,CUST01962,27,Salaried,60302,Ibadan,456,Personal,1035864,6.65,36,30687.47,669242.78,366621.22,Active,0
LOAN001963,CUST01963,44,Salaried,1378106,Ibadan,609,Business,368321,7.31,12,32937.11,247217.84,121103.16,Active,30
LOAN001964,CUST01964,25,Salaried,162204,Lagos,705,Emergency,1667694,19.92,6,333316.44,1731218.86,0.0,Closed,0
LOAN001965,CUST01965,46,Salaried,894515,Abuja,670,Education,1965298,8.61,6,355751.69,778629.97,1186668.03,Active,0
LOAN001966,CUST01966,20,Self-employed,1437722,Port Harcourt,833,Business,1159718,20.2,12,116165.09,1103424.54,56293.45999999996,Active,10
LOAN001967,CUST01967,47,Salaried,954813,Port Harcourt,741,Personal,487050,15.72,12,46967.86,494965.14,0.0,Closed,0
LOAN001968,CUST01968,58,Self-employed,363800,Kano,696,Business,641491,8.52,6,116024.34,492681.64,148809.36,Active,30
LOAN001969,CUST01969,27,Self-employed,757066,Kano,490,Education,1258860,18.3,12,124102.62,1416030.52,0.0,Closed,0
LOAN001970,CUST01970,40,Salaried,837641,Ibadan,557,Personal,1811589,21.46,12,183363.0,1168779.62,642809.3799999999,Delinquent,54
LOAN001971,CUST01971,62,Salaried,1423962,Kano,797,Emergency,500086,19.31,36,16573.68,431947.25,68138.75,Active,10
LOAN001972,CUST01972,45,Self-employed,85837,Port Harcourt,363,Education,529960,24.38,6,109860.71,302558.25,227401.75,Active,10
LOAN001973,CUST01973,34,Salaried,1181705,Lagos,759,Business,693710,20.25,12,69515.52,434494.0,259216.0,Active,0
LOAN001974,CUST01974,48,Salaried,103782,Abuja,701,Emergency,1060517,23.6,24,54616.63,966437.45,94079.55000000005,Active,10
LOAN001975,CUST01975,45,Salaried,632863,Ibadan,496,Personal,1306334,17.39,24,63896.06,870021.07,436312.93000000005,Delinquent,36
LOAN001976,CUST01976,39,Salaried,914742,Port Harcourt,549,Education,315253,22.2,36,10701.09,285174.17,30078.830000000016,Active,0
LOAN001977,CUST01977,32,Self-employed,382605,Port Harcourt,718,Personal,1485392,17.63,6,291211.1,1782470.4,0.0,Closed,0
LOAN001978,CUST01978,58,Salaried,573653,Ibadan,576,Education,85358,17.32,24,4172.58,49149.61,36208.39,Defaulted,162
LOAN001979,CUST01979,41,Self-employed,937491,Port Harcourt,621,Emergency,696466,17.46,18,45448.28,502929.76,193536.24,Active,20
LOAN001980,CUST01980,26,Unemployed,411722,Port Harcourt,672,Emergency,576974,14.59,6,110192.42,626045.72,0.0,Closed,0
LOAN001981,CUST01981,25,Salaried,960551,Lagos,850,Business,142533,16.1,6,27580.14,75615.25,66917.75,Delinquent,63
LOAN001982,CUST01982,43,Self-employed,105879,Port Harcourt,742,Personal,1594936,20.85,36,53541.12,1219795.09,375140.9099999999,Active,30
LOAN001983,CUST01983,46,Salaried,1075474,Lagos,693,Business,1132717,5.85,6,199830.16,642853.2,489863.80000000005,Active,20
LOAN001984,CUST01984,23,Salaried,1293081,Abuja,423,Personal,1559514,7.16,18,92843.07,1315189.62,244324.3799999999,Delinquent,60
LOAN001985,CUST01985,39,Salaried,906868,Lagos,804,Personal,566954,6.08,12,50118.73,680344.8,0.0,Closed,0
LOAN001986,CUST01986,29,Salaried,653403,Lagos,517,Business,1162946,24.08,24,60124.31,733634.49,429311.51,Active,30
LOAN001987,CUST01987,40,Salaried,101988,Ibadan,660,Emergency,962462,8.63,36,29042.29,822200.95,140261.05000000005,Delinquent,74
LOAN001988,CUST01988,30,Salaried,950695,Abuja,672,Emergency,1090552,5.59,6,191918.98,934276.64,156275.36,Active,20
LOAN001989,CUST01989,43,Self-employed,378381,Ibadan,823,Business,1978239,23.77,18,136025.91,1784118.95,194120.05000000005,Delinquent,87
LOAN001990,CUST01990,19,Salaried,215535,Lagos,524,Personal,184374,15.49,12,17744.46,169703.54,14670.459999999992,Active,30
LOAN001991,CUST01991,58,Salaried,607851,Kano,846,Personal,942471,7.0,18,56024.67,1092106.04,0.0,Closed,0
LOAN001992,CUST01992,60,Self-employed,192210,Ibadan,515,Personal,156068,13.94,24,7409.33,187281.6,0.0,Closed,0
LOAN001993,CUST01993,63,Salaried,579146,Kano,400,Education,1620814,18.1,36,53171.7,1333710.47,287103.53,Active,0
LOAN001994,CUST01994,20,Salaried,1254119,Port Harcourt,584,Personal,572800,18.35,6,112984.8,524653.15,48146.84999999998,Active,10
LOAN001995,CUST01995,43,Salaried,1286576,Kano,557,Emergency,1790910,16.96,24,87277.01,2149092.0,0.0,Closed,0
LOAN001996,CUST01996,44,Salaried,1389831,Ibadan,593,Education,186563,8.97,36,5647.16,45380.53,141182.47,Active,0
LOAN001997,CUST01997,21,Salaried,264025,Ibadan,740,Emergency,851120,24.11,12,88027.09,133926.85,717193.15,Active,20
LOAN001998,CUST01998,65,Salaried,1247511,Kano,653,Education,539263,21.62,18,36436.2,70360.39,468902.61,Active,10
LOAN001999,CUST01999,63,Salaried,1272354,Port Harcourt,611,Business,288946,24.91,24,15038.44,36596.88,252349.12,Delinquent,35
LOAN002000,CUST02000,47,Self-employed,953425,Lagos,693,Emergency,1434796,7.79,12,128880.55,1721755.2,0.0,Closed,0
